pos_id,symbol,direction,volume,entry_price,exit_price,entry_time,exit_time,duration_min,profit,commission,swap,net_pnl,status,magic,comment
944810733,EURUSD,BUY,0.01,1.15247,1.15227,2026-03-09 03:59:06,2026-03-09 04:00:37,1.5,-0.17,0.0,0.0,-0.17,CLOSED,0,
944844627,EURUSD,BUY,0.01,1.15267,1.15238,2026-03-09 04:02:32,2026-03-09 04:03:24,0.9,-0.25,0.0,0.0,-0.25,CLOSED,0,
945080880,GBPUSD,BUY,0.15,1.33026,1.3308200000000001,2026-03-09 04:29:50,2026-03-09 04:42:39,12.8,7.29,0.0,0.0,7.29,CLOSED,234000,From Django Serv
945175936,GBPUSD,BUY,0.15,1.33087,1.3303,2026-03-09 04:43:34,2026-03-09 04:46:32,3.0,-7.42,0.0,0.0,-7.42,CLOSED,234000,From Django Serv
945213072,GBPUSD,BUY,0.15,1.33033,1.33003,2026-03-09 04:47:34,2026-03-09 04:50:53,3.3,-3.91,0.0,0.0,-3.91,CLOSED,234000,From Django Serv
945247993,GBPUSD,BUY,0.15,1.33037,1.32978,2026-03-09 04:51:23,2026-03-09 04:56:38,5.2,-7.6899999999999995,0.0,0.0,-7.69,CLOSED,234000,From Django Serv
945287635,GBPUSD,BUY,0.15,1.32982,1.3296000000000001,2026-03-09 04:57:23,2026-03-09 04:57:41,0.3,-2.87,0.0,0.0,-2.87,CLOSED,234000,From Django Serv
945292524,GBPUSD,BUY,0.15,1.32991,1.32849,2026-03-09 04:58:23,2026-03-09 05:20:09,21.8,-18.51,0.0,0.0,-18.51,CLOSED,234000,From Django Serv
945691603,EURUSD,BUY,0.01,1.15227,1.1519300000000001,2026-03-09 05:38:17,2026-03-09 05:38:30,0.2,-0.3,0.0,0.0,-0.3,CLOSED,0,
948461373,GBPUSD,SELL,0.15,1.33044,1.33278,2026-03-09 12:38:03,2026-03-09 13:10:22,32.3,-30.42,0.0,0.0,-30.42,CLOSED,234000,From Django Serv
948698276,GBPUSD,SELL,0.15,1.33262,1.3341,2026-03-09 13:10:39,2026-03-09 13:27:28,16.8,-19.22,0.0,0.0,-19.22,CLOSED,234000,From Django Serv
948937429,GBPUSD,SELL,0.15,1.33438,1.33371,2026-03-09 13:39:58,2026-03-09 14:35:38,55.7,8.7,0.0,0.0,8.7,CLOSED,234000,From Django Serv
948958858,EURUSD,BUY,0.17,1.15562,1.15621,2026-03-09 13:41:58,2026-03-09 13:51:16,9.3,8.67,0.0,0.0,8.67,CLOSED,234000,From Django Serv
948958894,AUDUSD,BUY,0.29,0.70166,0.70128,2026-03-09 13:41:59,2026-03-09 14:20:39,38.7,-9.54,0.0,0.0,-9.54,CLOSED,234000,From Django Serv
949056720,EURUSD,SELL,0.17,1.15611,1.15566,2026-03-09 13:51:58,2026-03-09 14:35:41,43.7,6.62,0.0,0.0,6.62,CLOSED,234000,From Django Serv
949126756,USDCAD,SELL,0.15,1.35492,1.35407,2026-03-09 14:04:05,2026-03-09 14:35:44,31.6,8.15,0.0,0.0,8.15,CLOSED,234000,From Django Serv
949215841,AUDUSD,BUY,0.29,0.70153,0.70081,2026-03-09 14:21:13,2026-03-09 14:24:42,3.5,-18.08,0.0,0.0,-18.08,CLOSED,234000,From Django Serv
949236994,AUDUSD,BUY,0.29,0.70117,0.70129,2026-03-09 14:25:13,2026-03-09 14:35:49,10.6,3.01,0.0,0.0,3.01,CLOSED,234000,From Django Serv
949601966,AUDUSD,BUY,0.28,0.70179,0.70112,2026-03-09 15:20:23,2026-03-09 16:00:28,40.1,-16.23,0.0,0.0,-16.23,CLOSED,234000,From Django Serv
949850391,AUDUSD,BUY,0.29,0.70127,0.70095,2026-03-09 16:00:53,2026-03-09 16:59:31,58.6,-8.03,0.0,0.0,-8.03,CLOSED,234000,From Django Serv
950215356,AUDUSD,BUY,0.29,0.70115,0.70156,2026-03-09 16:59:53,2026-03-09 18:11:15,71.4,10.29,0.0,0.0,10.29,CLOSED,234000,From Django Serv
951376263,EURUSD,BUY,0.17,1.1574,1.15778,2026-03-09 18:45:40,2026-03-09 19:18:32,32.9,5.58,0.0,0.0,5.58,CLOSED,234000,From Django Serv
951534154,AUDUSD,SELL,0.28,0.70358,0.70492,2026-03-09 19:01:41,2026-03-09 19:51:48,50.1,-32.38,0.0,0.0,-32.38,CLOSED,234000,From Django Serv
951534210,USDCAD,BUY,0.15,1.35788,1.35831,2026-03-09 19:01:41,2026-03-09 19:23:47,22.1,4.1,0.0,0.0,4.1,CLOSED,234000,From Django Serv
951698184,EURUSD,BUY,0.17,1.15788,1.15817,2026-03-09 19:19:17,2026-03-09 19:37:48,18.5,4.26,0.0,0.0,4.26,CLOSED,234000,From Django Serv
951738859,USDCAD,BUY,0.15,1.3583,1.35773,2026-03-09 19:24:18,2026-03-09 19:51:48,27.5,-5.43,0.0,0.0,-5.43,CLOSED,234000,From Django Serv
951837970,EURUSD,BUY,0.17,1.15846,1.15855,2026-03-09 19:38:34,2026-03-09 19:47:34,9.0,1.32,0.0,0.0,1.32,CLOSED,234000,From Django Serv
951891823,EURUSD,BUY,0.17,1.15861,1.15868,2026-03-09 19:48:34,2026-03-09 19:51:48,3.2,1.03,0.0,0.0,1.03,CLOSED,234000,From Django Serv
951913015,EURUSD,BUY,0.17,1.15891,1.15916,2026-03-09 19:52:33,2026-03-09 20:05:48,13.2,3.67,0.0,0.0,3.67,CLOSED,234000,From Django Serv
951913088,USDCAD,BUY,0.15,1.35765,1.35835,2026-03-09 19:52:35,2026-03-09 22:35:15,162.7,6.67,0.0,0.0,6.67,CLOSED,234000,From Django Serv
952005399,EURUSD,BUY,0.17,1.1593499999999999,1.15948,2026-03-09 20:06:33,2026-03-09 20:38:21,31.8,1.9100000000000001,0.0,0.0,1.91,CLOSED,234000,From Django Serv
952155470,AUDUSD,SELL,0.28,0.70498,0.70442,2026-03-09 20:30:53,2026-03-09 22:34:53,124.0,13.54,0.0,0.0,13.54,CLOSED,234000,From Django Serv
952206442,EURUSD,BUY,0.17,1.15963,1.15798,2026-03-09 20:38:51,2026-03-09 21:58:01,79.2,-24.22,0.0,0.0,-24.22,CLOSED,234000,From Django Serv
952376398,GBPUSD,SELL,0.15,1.33852,1.33936,2026-03-09 21:15:51,2026-03-09 22:33:39,77.8,-10.88,0.0,0.0,-10.88,CLOSED,234000,From Django Serv
952610050,EURUSD,BUY,0.17,1.15805,1.15808,2026-03-09 21:58:51,2026-03-09 22:35:16,36.4,0.44,0.0,0.0,0.44,CLOSED,234000,From Django Serv
952776670,GBPUSD,SELL,0.15,1.3392,1.33918,2026-03-09 22:34:51,2026-03-09 22:35:16,0.4,0.26,0.0,0.0,0.26,CLOSED,234000,From Django Serv
952783900,EURUSD,SELL,0.17,1.15822,1.15802,2026-03-09 22:35:52,2026-03-09 22:51:36,15.7,2.94,0.0,0.0,2.94,CLOSED,234000,From Django Serv
952783940,GBPUSD,SELL,0.15,1.33921,1.33888,2026-03-09 22:35:52,2026-03-09 22:50:53,15.0,4.27,0.0,0.0,4.27,CLOSED,234000,From Django Serv
952784025,AUDUSD,BUY,0.28,0.70445,0.70454,2026-03-09 22:35:54,2026-03-09 23:13:06,37.2,2.18,0.0,0.0,2.18,CLOSED,234000,From Django Serv
952857249,GBPUSD,SELL,0.15,1.3389,1.33875,2026-03-09 22:51:51,2026-03-09 23:02:21,10.5,1.94,0.0,0.0,1.94,CLOSED,234000,From Django Serv
952863572,EURUSD,SELL,0.17,1.15792,1.1590799999999999,2026-03-09 22:52:51,2026-03-09 23:19:22,26.5,-17.01,0.0,0.0,-17.01,CLOSED,234000,From Django Serv
952918259,GBPUSD,SELL,0.15,1.33879,1.3404,2026-03-09 23:02:51,2026-03-09 23:19:24,16.6,-20.83,0.0,0.0,-20.83,CLOSED,234000,From Django Serv
952961642,AUDUSD,BUY,0.28,0.70471,0.70682,2026-03-09 23:13:52,2026-03-09 23:20:18,6.4,46.92,0.0,0.0,46.92,CLOSED,234000,From Django Serv
952996736,EURUSD,SELL,0.17,1.16019,1.16133,2026-03-09 23:19:51,2026-03-09 23:21:43,1.9,-16.69,0.0,0.0,-16.69,CLOSED,234000,From Django Serv
953014253,AUDUSD,BUY,0.28,0.70701,0.70692,2026-03-09 23:20:52,2026-03-09 23:22:36,1.7,-2.17,0.0,0.0,-2.17,CLOSED,234000,From Django Serv
953029740,EURUSD,SELL,0.17,1.16087,1.1620300000000001,2026-03-09 23:22:51,2026-03-09 23:26:15,3.4,-16.97,0.0,0.0,-16.97,CLOSED,234000,From Django Serv
953035733,AUDUSD,BUY,0.28,0.70752,0.70754,2026-03-09 23:23:52,2026-03-09 23:29:21,5.5,0.48,0.0,0.0,0.48,CLOSED,234000,From Django Serv
953064251,EURUSD,SELL,0.17,1.16187,1.16151,2026-03-09 23:26:51,2026-03-09 23:32:36,5.8,5.27,0.0,0.0,5.27,CLOSED,234000,From Django Serv
953082322,AUDUSD,BUY,0.28,0.70779,0.70674,2026-03-09 23:29:52,2026-03-09 23:30:47,0.9,-25.33,0.0,0.0,-25.33,CLOSED,234000,From Django Serv
953094886,GBPUSD,BUY,0.15,1.34236,1.34257,2026-03-09 23:30:52,2026-03-09 23:33:36,2.7,2.71,0.0,0.0,2.71,CLOSED,234000,From Django Serv
953103639,AUDUSD,BUY,0.28,0.70724,0.7073,2026-03-09 23:31:52,2026-03-09 23:33:21,1.5,1.45,0.0,0.0,1.45,CLOSED,234000,From Django Serv
953116408,EURUSD,SELL,0.17,1.1613,1.16121,2026-03-09 23:33:51,2026-03-09 23:35:53,2.0,1.32,0.0,0.0,1.32,CLOSED,234000,From Django Serv
953116851,AUDUSD,BUY,0.28,0.7075,0.70646,2026-03-09 23:33:52,2026-03-10 00:06:02,32.2,-25.07,0.0,0.0,-25.07,CLOSED,234000,From Django Serv
953124477,GBPUSD,BUY,0.15,1.34276,1.34306,2026-03-09 23:34:52,2026-03-09 23:41:36,6.7,3.87,0.0,0.0,3.87,CLOSED,234000,From Django Serv
953140519,EURUSD,SELL,0.17,1.16133,1.16248,2026-03-09 23:36:51,2026-03-09 23:44:53,8.0,-16.82,0.0,0.0,-16.82,CLOSED,234000,From Django Serv
953184057,GBPUSD,BUY,0.15,1.34269,1.34333,2026-03-09 23:42:52,2026-03-09 23:55:21,12.5,8.26,0.0,0.0,8.26,CLOSED,234000,From Django Serv
953202780,EURUSD,SELL,0.17,1.16239,1.16154,2026-03-09 23:45:52,2026-03-10 00:14:11,28.3,12.44,0.0,0.0,12.44,CLOSED,234000,From Django Serv
953254745,GBPUSD,BUY,0.15,1.34344,1.34291,2026-03-09 23:55:52,2026-03-10 00:14:12,18.3,-6.85,0.0,0.0,-6.85,CLOSED,234000,From Django Serv
953315292,AUDUSD,SELL,0.28,0.7064,0.70674,2026-03-10 00:06:52,2026-03-10 00:14:12,7.3,-8.2,0.0,0.0,-8.2,CLOSED,234000,From Django Serv
953345820,GBPUSD,BUY,0.15,1.34306,1.34329,2026-03-10 00:14:52,2026-03-10 00:31:12,16.3,2.9699999999999998,0.0,0.0,2.97,CLOSED,234000,From Django Serv
953345876,EURUSD,SELL,0.13,1.16141,1.1629,2026-03-10 00:14:53,2026-03-10 00:44:58,30.1,-16.66,0.0,0.0,-16.66,CLOSED,234000,From Django Serv
953345902,AUDUSD,SELL,0.21,0.7066,0.7079,2026-03-10 00:14:53,2026-03-10 00:55:44,40.9,-23.47,0.0,0.0,-23.47,CLOSED,234000,From Django Serv
953349606,USDJPY,BUY,0.2,157.776,157.779,2026-03-10 00:16:06,2026-03-10 00:25:12,9.1,0.33,0.0,0.0,0.33,CLOSED,234000,From Django Serv
953374949,USDJPY,BUY,0.2,157.821,157.847,2026-03-10 00:25:51,2026-03-10 02:29:43,123.9,2.83,0.0,0.81,3.64,CLOSED,234000,From Django Serv
953393027,GBPUSD,BUY,0.15,1.3434599999999999,1.34362,2026-03-10 00:31:51,2026-03-10 00:46:57,15.1,2.06,0.0,0.0,2.06,CLOSED,234000,From Django Serv
953430795,GBPUSD,BUY,0.15,1.34376,1.34295,2026-03-10 00:47:52,2026-03-10 01:01:28,13.6,-10.44,0.0,-0.11,-10.55,CLOSED,234000,From Django Serv
955917294,GBPUSD,BUY,0.07,1.34496,1.34548,2026-03-10 11:00:26,2026-03-10 11:12:11,11.8,3.13,0.0,0.0,3.13,CLOSED,234000,From Django Serv
955917381,USDCAD,BUY,0.1,1.35777,1.35732,2026-03-10 11:00:28,2026-03-10 11:07:25,7.0,-2.85,0.0,0.0,-2.85,CLOSED,234000,From Django Serv
955966450,USDCAD,BUY,0.05,1.35741,1.35728,2026-03-10 11:08:27,2026-03-10 11:17:25,9.0,-0.41,0.0,0.0,-0.41,CLOSED,234000,From Django Serv
955993506,GBPUSD,BUY,0.15,1.34565,1.34567,2026-03-10 11:13:26,2026-03-10 11:18:27,5.0,0.26,0.0,0.0,0.26,CLOSED,234000,From Django Serv
956022003,GBPUSD,BUY,0.15,1.34589,1.347,2026-03-10 11:19:26,2026-03-10 11:27:25,8.0,14.3,0.0,0.0,14.3,CLOSED,234000,From Django Serv
956089812,GBPUSD,BUY,0.15,1.34734,1.34612,2026-03-10 11:28:26,2026-03-10 11:34:15,5.8,-15.72,0.0,0.0,-15.72,CLOSED,234000,From Django Serv
956125647,GBPUSD,BUY,0.15,1.34635,1.34767,2026-03-10 11:34:56,2026-03-10 12:02:11,27.2,20.29,0.0,0.0,20.29,CLOSED,234000,From Django Serv
956691679,USDJPY,SELL,0.2,157.583,157.788,2026-03-10 13:30:42,2026-03-10 14:14:13,43.5,-22.31,0.0,0.0,-22.31,CLOSED,234000,From Django Serv
956881048,USDJPY,SELL,0.2,157.765,157.73,2026-03-10 14:14:42,2026-03-10 15:07:12,52.5,0.1100000000000001,0.0,0.0,0.11,CLOSED,234000,From Django Serv
957341904,USDCAD,SELL,0.15,1.35643,1.35651,2026-03-10 15:29:43,2026-03-10 15:38:42,9.0,-0.76,0.0,0.0,-0.76,CLOSED,234000,From Django Serv
957486886,USDJPY,BUY,0.2,157.807,157.915,2026-03-10 15:59:42,2026-03-10 16:38:41,39.0,11.76,0.0,0.0,11.76,CLOSED,234000,From Django Serv
957820134,USDJPY,BUY,0.2,157.811,157.742,2026-03-10 16:59:42,2026-03-10 17:13:41,14.0,-7.51,0.0,0.0,-7.51,CLOSED,234000,From Django Serv
957949162,USDJPY,BUY,0.2,157.771,157.673,2026-03-10 17:14:42,2026-03-10 17:23:41,9.0,-10.67,0.0,0.0,-10.67,CLOSED,234000,From Django Serv
958049066,USDJPY,BUY,0.15,157.696,157.714,2026-03-10 17:24:42,2026-03-10 17:38:12,13.5,1.47,0.0,0.0,1.47,CLOSED,234000,From Django Serv
958110951,GBPUSD,BUY,0.15,1.34654,1.345,2026-03-10 17:30:42,2026-03-10 17:45:54,15.2,-19.86,0.0,0.0,-19.86,CLOSED,234000,From Django Serv
958271401,GBPUSD,BUY,0.11,1.3454,1.34413,2026-03-10 17:46:42,2026-03-10 18:13:41,27.0,-12.01,0.0,0.0,-12.01,CLOSED,234000,From Django Serv
958545252,GBPUSD,BUY,0.11,1.34451,1.34637,2026-03-10 18:14:42,2026-03-10 19:08:47,54.1,17.21,0.0,0.0,17.21,CLOSED,234000,From Django Serv
958880103,NZDUSD,SELL,0.34,0.59571,0.59569,2026-03-10 19:05:42,2026-03-10 19:13:41,8.0,0.58,0.0,0.0,0.58,CLOSED,234000,From Django Serv
958946639,NZDUSD,SELL,0.34,0.59572,0.59569,2026-03-10 19:14:42,2026-03-10 19:17:12,2.5,0.88,0.0,0.0,0.88,CLOSED,234000,From Django Serv
958967831,NZDUSD,SELL,0.34,0.59563,0.59554,2026-03-10 19:17:42,2026-03-10 19:53:57,36.2,2.63,0.0,0.0,2.63,CLOSED,234000,From Django Serv
959384656,GBPUSD,BUY,0.11,1.34559,1.34586,2026-03-10 20:29:30,2026-03-10 20:37:29,8.0,2.55,0.0,0.0,2.55,CLOSED,234000,From Django Serv
959425034,GBPUSD,BUY,0.15,1.34632,1.34662,2026-03-10 20:38:28,2026-03-10 21:12:57,34.5,3.86,0.0,0.0,3.86,CLOSED,234000,From Django Serv
959691475,GBPUSD,SELL,0.15,1.34706,1.3459400000000001,2026-03-10 21:30:27,2026-03-10 21:39:27,9.0,14.42,0.0,0.0,14.42,CLOSED,234000,From Django Serv
959745905,GBPUSD,SELL,0.15,1.34591,1.34572,2026-03-10 21:40:27,2026-03-10 22:12:29,32.0,2.45,0.0,0.0,2.45,CLOSED,234000,From Django Serv
959905288,GBPUSD,SELL,0.15,1.34541,1.34366,2026-03-10 22:13:27,2026-03-10 22:23:29,10.0,27.049999999999997,0.0,0.0,27.05,CLOSED,234000,From Django Serv
959935937,USDCHF,SELL,0.2,0.77759,0.77821,2026-03-10 22:15:28,2026-03-10 22:16:38,1.2,-13.71,0.0,0.0,-13.71,CLOSED,234000,From Django Serv
959968736,USDCHF,SELL,0.2,0.77827,0.7789,2026-03-10 22:17:28,2026-03-10 22:19:08,1.7,-13.93,0.0,0.0,-13.93,CLOSED,234000,From Django Serv
960021530,USDCHF,SELL,0.2,0.77873,0.77863,2026-03-10 22:19:31,2026-03-10 22:24:57,5.4,2.21,0.0,0.0,2.21,CLOSED,234000,From Django Serv
960095412,GBPUSD,SELL,0.15,1.34355,1.34328,2026-03-10 22:24:30,2026-03-10 22:42:57,18.4,3.48,0.0,0.0,3.48,CLOSED,234000,From Django Serv
960104991,USDCHF,SELL,0.2,0.77829,0.77775,2026-03-10 22:25:28,2026-03-10 22:34:27,9.0,11.93,0.0,0.0,11.93,CLOSED,234000,From Django Serv
960194660,USDJPY,BUY,0.2,157.853,157.876,2026-03-10 22:35:27,2026-03-10 22:42:42,7.2,2.51,0.0,0.0,2.51,CLOSED,234000,From Django Serv
960266417,GBPUSD,SELL,0.15,1.343,1.34384,2026-03-10 22:43:27,2026-03-10 22:49:27,6.0,-10.83,0.0,0.0,-10.83,CLOSED,234000,From Django Serv
960266462,USDJPY,BUY,0.2,157.913,157.835,2026-03-10 22:43:28,2026-03-10 22:49:27,6.0,-8.5,0.0,0.0,-8.5,CLOSED,234000,From Django Serv
960311925,GBPUSD,SELL,0.15,1.34349,1.34308,2026-03-10 22:50:27,2026-03-10 22:59:27,9.0,5.29,0.0,0.0,5.29,CLOSED,234000,From Django Serv
960311941,USDJPY,BUY,0.2,157.857,157.895,2026-03-10 22:50:28,2026-03-10 23:04:27,14.0,4.14,0.0,0.0,4.14,CLOSED,234000,From Django Serv
960371854,GBPUSD,SELL,0.15,1.3428,1.3430900000000001,2026-03-10 23:00:27,2026-03-10 23:09:27,9.0,-3.74,0.0,0.0,-3.74,CLOSED,234000,From Django Serv
960430790,GBPUSD,SELL,0.15,1.34293,1.34236,2026-03-10 23:10:27,2026-03-10 23:40:57,30.5,7.36,0.0,0.0,7.36,CLOSED,234000,From Django Serv
960642990,GBPUSD,SELL,0.15,1.3422,1.3419400000000001,2026-03-10 23:41:27,2026-03-10 23:52:29,11.0,3.36,0.0,0.0,3.36,CLOSED,234000,From Django Serv
960700666,GBPUSD,SELL,0.15,1.34173,1.34196,2026-03-10 23:53:27,2026-03-11 00:44:27,51.0,-2.9699999999999998,0.0,0.0,-2.97,CLOSED,234000,From Django Serv
960844973,USDJPY,BUY,0.2,158.073,158.05,2026-03-11 00:35:27,2026-03-11 00:54:27,19.0,-2.51,0.0,0.0,-2.51,CLOSED,234000,From Django Serv
960891558,USDJPY,BUY,0.15,158.078,158.012,2026-03-11 00:55:28,2026-03-11 01:04:27,9.0,-5.4,0.0,0.61,-4.79,CLOSED,234000,From Django Serv
962890180,GBPUSD,SELL,0.04,1.34482,1.34413,2026-03-11 11:00:43,2026-03-11 11:32:12,31.5,3.0,0.0,0.0,3.0,CLOSED,234000,From Django Serv
963003791,GBPUSD,SELL,0.09,1.34387,1.34337,2026-03-11 11:32:43,2026-03-11 11:45:21,12.6,3.87,0.0,0.0,3.87,CLOSED,234000,From Django Serv
963075337,GBPUSD,SELL,0.06,1.34305,1.34113,2026-03-11 11:43:27,2026-03-11 12:48:42,65.2,9.93,0.0,0.0,9.93,CLOSED,234000,Scale-in for tic
963220668,USDJPY,BUY,4.5,158.245,158.286,2026-03-11 12:15:58,2026-03-11 12:22:29,6.5,100.35,0.0,0.0,100.35,CLOSED,234000,From Django Serv
963256371,USDJPY,BUY,4.5,158.303,158.318,2026-03-11 12:22:58,2026-03-11 12:28:59,6.0,36.71,0.0,0.0,36.71,CLOSED,234000,From Django Serv
963298144,USDJPY,BUY,4.5,158.342,158.35,2026-03-11 12:29:58,2026-03-11 12:37:27,7.5,19.58,0.0,0.0,19.58,CLOSED,234000,From Django Serv
963328769,USDJPY,BUY,6.0,158.372,158.365,2026-03-11 12:37:58,2026-03-11 12:40:42,2.7,-22.84,0.0,0.0,-22.84,CLOSED,234000,From Django Serv
963362313,USDJPY,BUY,6.0,158.391,158.391,2026-03-11 12:41:59,2026-03-11 12:43:42,1.7,0.0,0.0,0.0,0.0,CLOSED,234000,From Django Serv
963377983,USDJPY,BUY,6.0,158.418,158.418,2026-03-11 12:44:58,2026-03-11 12:53:58,9.0,0.0,0.0,0.0,0.0,CLOSED,234000,From Django Serv
963395887,GBPUSD,BUY,4.48,1.34116,1.34116,2026-03-11 12:48:57,2026-03-11 12:52:59,4.0,0.0,0.0,0.0,0.0,CLOSED,234000,From Django Serv
963414067,GBPUSD,BUY,4.48,1.34118,1.34113,2026-03-11 12:53:57,2026-03-11 12:57:27,3.5,-19.3,0.0,0.0,-19.3,CLOSED,234000,From Django Serv
963419639,USDJPY,BUY,4.5,158.433,158.42,2026-03-11 12:54:58,2026-03-11 12:57:42,2.7,-31.82,0.0,0.0,-31.82,CLOSED,234000,From Django Serv
963429084,GBPUSD,BUY,4.47,1.34192,1.34232,2026-03-11 12:57:57,2026-03-11 13:00:27,2.5,153.98,0.0,0.0,153.98,CLOSED,234000,From Django Serv
963432398,USDJPY,BUY,6.0,158.415,158.454,2026-03-11 12:58:58,2026-03-11 13:08:57,10.0,127.32,0.0,0.0,127.32,CLOSED,234000,From Django Serv
963442426,GBPUSD,BUY,4.47,1.34181,1.34081,2026-03-11 13:00:57,2026-03-11 13:03:14,2.3,-385.41,0.0,0.0,-385.41,CLOSED,234000,From Django Serv
963454848,GBPUSD,SELL,3.36,1.34033,1.34119,2026-03-11 13:03:59,2026-03-11 13:05:39,1.7,-249.13,0.0,0.0,-249.13,CLOSED,234000,From Django Serv
963463525,GBPUSD,SELL,3.35,1.3409499999999999,1.3406500000000001,2026-03-11 13:05:59,2026-03-11 13:06:59,1.0,86.69,0.0,0.0,86.69,CLOSED,234000,From Django Serv
963476329,GBPUSD,SELL,3.35,1.3409,1.3426,2026-03-11 13:07:59,2026-03-11 13:13:23,5.4,-490.76,0.0,0.0,-490.76,CLOSED,234000,From Django Serv
963484378,USDJPY,BUY,6.0,158.432,158.432,2026-03-11 13:09:58,2026-03-11 13:16:27,6.5,0.0,0.0,0.0,0.0,CLOSED,234000,From Django Serv
963501995,GBPUSD,SELL,2.23,1.34249,1.34254,2026-03-11 13:13:59,2026-03-11 13:15:42,1.7,-9.61,0.0,0.0,-9.61,CLOSED,234000,From Django Serv
963515039,USDJPY,BUY,6.0,158.442,158.403,2026-03-11 13:17:02,2026-03-11 13:37:12,20.2,-127.36,0.0,0.0,-127.36,CLOSED,234000,From Django Serv
963746599,USDJPY,BUY,2.25,158.409,158.373,2026-03-11 14:15:02,2026-03-11 14:35:17,20.2,-44.06,0.0,0.0,-44.06,CLOSED,234000,From Django Serv
965353914,AUDUSD,BUY,0.08,0.71742,0.71739,2026-03-11 18:15:50,2026-03-11 18:30:54,15.1,-0.21,0.0,0.0,-0.21,CLOSED,234000,From Django Serv
965577613,USDJPY,BUY,0.34,158.634,158.791,2026-03-11 18:45:49,2026-03-11 20:15:50,90.0,29.05,0.0,0.0,29.05,CLOSED,234000,From Django Serv
966020742,NZDUSD,BUY,0.31,0.5914,0.5906,2026-03-11 19:51:01,2026-03-11 20:00:44,9.7,-21.44,0.0,0.0,-21.44,CLOSED,234000,From Django Serv
966071118,USDCHF,SELL,0.09,0.78061,0.78085,2026-03-11 20:00:50,2026-03-11 20:04:05,3.2,-2.39,0.0,0.0,-2.39,CLOSED,234000,From Django Serv
966096468,USDCHF,SELL,0.06,0.78071,0.78037,2026-03-11 20:04:50,2026-03-11 20:15:50,11.0,2.26,0.0,0.0,2.26,CLOSED,234000,From Django Serv
966152931,USDCHF,SELL,0.04,0.78007,0.78037,2026-03-11 20:15:14,2026-03-11 20:15:50,0.6,-1.33,0.0,0.0,-1.33,CLOSED,234000,Scale-in for tic
966162035,USDJPY,BUY,0.36,158.814,158.803,2026-03-11 20:16:49,2026-03-11 20:31:59,15.2,-2.15,0.0,0.0,-2.15,CLOSED,234000,From Django Serv
966162121,USDCHF,SELL,0.18,0.78036,0.78022,2026-03-11 20:16:51,2026-03-11 20:25:28,8.6,2.79,0.0,0.0,2.79,CLOSED,234000,From Django Serv
966943698,NG-C,BUY,0.1,3.35,3.333,2026-03-11 23:44:50,2026-03-11 23:44:57,0.1,-14.69,0.0,0.0,-14.69,CLOSED,234000,test commodity
966943748,UKOUSDft,BUY,0.01,92.258,92.163,2026-03-11 23:44:51,2026-03-11 23:44:58,0.1,-0.82,0.0,0.0,-0.82,CLOSED,234000,test commodity
966996798,XAUUSD,BUY,0.02,5181.8,5176.96,2026-03-12 00:01:54,2026-03-12 00:16:59,15.1,-8.37,0.0,0.0,-8.37,CLOSED,234000,From Django Serv
966996830,XAGUSD,BUY,0.02,86.052,85.84,2026-03-12 00:01:55,2026-03-12 00:16:59,15.1,-18.32,0.0,0.0,-18.32,CLOSED,234000,From Django Serv
967033811,XAUUSD,BUY,0.02,5177.25,5177.78,2026-03-12 00:17:53,2026-03-12 00:32:59,15.1,0.92,0.0,0.0,0.92,CLOSED,234000,From Django Serv
967033819,XAGUSD,BUY,0.01,85.921,85.742,2026-03-12 00:17:54,2026-03-12 00:32:59,15.1,-7.74,0.0,0.0,-7.74,CLOSED,234000,From Django Serv
967062846,XAUUSD,BUY,0.02,5176.79,5176.12,2026-03-12 00:33:52,2026-03-12 00:48:59,15.1,-1.16,0.0,0.0,-1.16,CLOSED,234000,From Django Serv
967062859,XAGUSD,BUY,0.02,85.78,85.638,2026-03-12 00:33:53,2026-03-12 00:48:59,15.1,-12.28,0.0,0.0,-12.28,CLOSED,234000,From Django Serv
967086667,XAUUSD,BUY,0.02,5176.81,5178.59,2026-03-12 00:49:50,2026-03-12 02:03:56,74.1,3.08,0.0,-4.83,-1.75,CLOSED,234000,From Django Serv
967233461,USDJPY,BUY,0.48,158.971,158.976,2026-03-12 02:30:12,2026-03-12 02:45:56,15.7,1.31,0.0,0.0,1.31,CLOSED,234000,From Django Serv
967313077,USDJPY,BUY,0.6,158.993,158.962,2026-03-12 02:47:12,2026-03-12 03:02:13,15.0,-10.13,0.0,0.0,-10.13,CLOSED,234000,From Django Serv
967474947,USDJPY,BUY,0.44,159.095,159.104,2026-03-12 03:17:12,2026-03-12 03:20:41,3.5,2.16,0.0,0.0,2.16,CLOSED,234000,From Django Serv
967486069,USDJPY,BUY,0.44,159.124,159.101,2026-03-12 03:21:13,2026-03-12 03:36:15,15.0,-5.51,0.0,0.0,-5.51,CLOSED,234000,From Django Serv
967541597,USDJPY,BUY,0.45,159.087,159.095,2026-03-12 03:37:12,2026-03-12 03:42:13,5.0,1.96,0.0,0.0,1.96,CLOSED,234000,From Django Serv
967561771,USDJPY,BUY,0.46,159.114,159.076,2026-03-12 03:43:12,2026-03-12 03:58:13,15.0,-9.52,0.0,0.0,-9.52,CLOSED,234000,From Django Serv
967635896,USDJPY,BUY,0.46,159.099,159.146,2026-03-12 03:59:12,2026-03-12 04:36:21,37.1,11.77,0.0,0.0,11.77,CLOSED,234000,From Django Serv
967662613,EURUSD,BUY,0.31,1.15416,1.15345,2026-03-12 04:02:11,2026-03-12 04:17:12,15.0,-19.08,0.0,0.0,-19.08,CLOSED,234000,From Django Serv
967662675,XAUUSD,BUY,0.07,5129.29,5131.54,2026-03-12 04:02:12,2026-03-12 04:03:51,1.6,13.65,0.0,0.0,13.65,CLOSED,234000,From Django Serv
967676638,XAUUSD,BUY,0.07,5131.03,5131.67,2026-03-12 04:04:11,2026-03-12 04:06:07,1.9,3.88,0.0,0.0,3.88,CLOSED,234000,From Django Serv
967677967,USDJPY,BUY,0.3,159.196,159.126,2026-03-12 04:04:26,2026-03-12 04:37:08,32.7,-11.43,0.0,0.0,-11.43,CLOSED,234000,Scale-in for tic
967690910,XAUUSD,BUY,0.07,5130.47,5146.43,2026-03-12 04:07:12,2026-03-12 06:51:41,164.5,96.84,0.0,0.0,96.84,CLOSED,234000,From Django Serv
967739459,XAUUSD,BUY,0.05,5143.7,5169.64,2026-03-12 04:15:56,2026-03-12 11:16:24,420.5,112.28,0.0,0.0,112.28,CLOSED,234000,Scale-in for tic
967931861,USDJPY,BUY,0.43,158.92,158.934,2026-03-12 05:02:12,2026-03-12 05:07:11,5.0,3.2800000000000002,0.0,0.0,3.28,CLOSED,234000,From Django Serv
967968472,USDJPY,BUY,0.58,158.924,158.926,2026-03-12 05:08:12,2026-03-12 05:09:41,1.5,0.63,0.0,0.0,0.63,CLOSED,234000,From Django Serv
967977532,USDJPY,BUY,0.58,158.93,158.854,2026-03-12 05:10:12,2026-03-12 05:25:14,15.0,-24.02,0.0,0.0,-24.02,CLOSED,234000,From Django Serv
968036762,USDJPY,BUY,0.58,158.847,158.867,2026-03-12 05:26:12,2026-03-12 05:36:19,10.1,6.32,0.0,0.0,6.32,CLOSED,234000,From Django Serv
968079302,USDJPY,BUY,0.58,158.867,158.833,2026-03-12 05:37:13,2026-03-12 05:52:13,15.0,-10.75,0.0,0.0,-10.75,CLOSED,234000,From Django Serv
968150755,USDJPY,BUY,0.58,158.871,158.851,2026-03-12 05:53:12,2026-03-12 06:08:14,15.0,-6.32,0.0,0.0,-6.32,CLOSED,234000,From Django Serv
968279739,GBPUSD,SELL,0.27,1.33782,1.33734,2026-03-12 06:31:14,2026-03-12 07:02:23,31.1,11.23,0.0,0.0,11.23,CLOSED,234000,From Django Serv
968305118,GBPUSD,SELL,0.18,1.33649,1.33751,2026-03-12 06:36:56,2026-03-12 09:27:35,170.7,-15.91,0.0,0.0,-15.91,CLOSED,234000,Scale-in for tic
969158006,USDJPY,BUY,0.6,158.915,158.915,2026-03-12 10:45:12,2026-03-12 10:53:56,8.7,0.0,0.0,0.0,0.0,CLOSED,234000,From Django Serv
969255831,XAUUSD,BUY,0.06,5167.92,5168.32,2026-03-12 11:17:12,2026-03-12 11:27:49,10.6,2.08,0.0,0.0,2.08,CLOSED,234000,From Django Serv
969284977,XAUUSD,BUY,0.06,5168.92,5186.94,2026-03-12 11:28:12,2026-03-12 12:01:18,33.1,93.58,0.0,0.0,93.58,CLOSED,234000,From Django Serv
969460962,XAUUSD,BUY,0.06,5185.65,5184.1,2026-03-12 12:02:12,2026-03-12 13:54:34,112.4,-8.05,0.0,0.0,-8.05,CLOSED,234000,From Django Serv
970341362,XAUUSD,SELL,0.46,5179.41,5174.14,2026-03-12 16:00:33,2026-03-12 16:31:01,30.5,210.08,0.0,0.0,210.08,CLOSED,234000,From Django Serv
970374967,XAUUSD,SELL,0.31,5172.08,5171.77,2026-03-12 16:06:16,2026-03-12 16:06:47,0.5,8.32,0.0,0.0,8.32,CLOSED,234000,Scale-in for tic
970602270,XAUUSD,SELL,0.23,5174.07,5176.97,2026-03-12 16:44:36,2026-03-12 16:47:46,3.2,-57.83,0.0,0.0,-57.83,CLOSED,234000,From Django Serv
970625092,XAUUSD,SELL,0.23,5178.32,5181.08,2026-03-12 16:48:33,2026-03-12 16:49:33,1.0,-55.02,0.0,0.0,-55.02,CLOSED,234000,From Django Serv
970643683,XAUUSD,SELL,0.23,5183.3,5182.84,2026-03-12 16:50:33,2026-03-12 16:57:20,6.8,9.17,0.0,0.0,9.17,CLOSED,234000,From Django Serv
970728236,USDCAD,BUY,0.6,1.35985,1.35995,2026-03-12 17:04:40,2026-03-12 17:10:30,5.8,3.82,0.0,0.0,3.82,CLOSED,234000,From Django Serv
970770407,USDCAD,BUY,0.45,1.36041,1.36049,2026-03-12 17:13:37,2026-03-12 17:15:11,1.6,2.29,0.0,0.0,2.29,CLOSED,234000,From Django Serv
971426038,EURUSD,SELL,0.21,1.15245,1.15231,2026-03-12 18:23:39,2026-03-12 18:31:24,7.8,2.55,0.0,0.0,2.55,CLOSED,234000,From Django Serv
971484391,EURUSD,SELL,0.21,1.15216,1.15201,2026-03-12 18:31:36,2026-03-12 18:39:20,7.7,2.73,0.0,0.0,2.73,CLOSED,234000,From Django Serv
971574658,EURUSD,SELL,0.21,1.15192,1.15307,2026-03-12 18:39:38,2026-03-12 18:46:19,6.7,-20.94,0.0,0.0,-20.94,CLOSED,234000,From Django Serv
971636753,EURUSD,SELL,0.21,1.1529099999999999,1.15241,2026-03-12 18:46:36,2026-03-12 18:54:53,8.3,9.11,0.0,0.0,9.11,CLOSED,234000,From Django Serv
971661307,EURUSD,SELL,0.14,1.1516899999999999,1.15252,2026-03-12 18:48:59,2026-03-12 18:55:05,6.1,-10.08,0.0,0.0,-10.08,CLOSED,234000,Scale-in for tic
971717833,EURUSD,SELL,0.21,1.15238,1.15222,2026-03-12 18:55:36,2026-03-12 18:59:48,4.2,2.92,0.0,0.0,2.92,CLOSED,234000,From Django Serv
971747411,GBPUSD,SELL,0.36,1.33525,1.33522,2026-03-12 19:00:32,2026-03-12 19:01:09,0.6,0.94,0.0,0.0,0.94,CLOSED,234000,From Django Serv
971759667,GBPUSD,SELL,0.36,1.335,1.33493,2026-03-12 19:01:32,2026-03-12 19:06:34,5.0,2.19,0.0,0.0,2.19,CLOSED,234000,From Django Serv
971760158,USDJPY,BUY,0.6,159.238,159.211,2026-03-12 19:01:36,2026-03-12 19:01:43,0.1,-8.84,0.0,0.0,-8.84,CLOSED,234000,From Django Serv
971832442,GBPUSD,SELL,0.54,1.33461,1.3348,2026-03-12 19:07:32,2026-03-12 19:07:36,0.1,-8.91,0.0,0.0,-8.91,CLOSED,234000,From Django Serv
971839198,GBPUSD,SELL,0.54,1.3345099999999999,1.33437,2026-03-12 19:08:32,2026-03-12 19:11:28,2.9,6.57,0.0,0.0,6.57,CLOSED,234000,From Django Serv
971902640,GBPUSD,SELL,0.54,1.33399,1.3342100000000001,2026-03-12 19:12:33,2026-03-12 19:13:25,0.9,-10.32,0.0,0.0,-10.32,CLOSED,234000,From Django Serv
971926786,GBPUSD,SELL,0.54,1.3342800000000001,1.33449,2026-03-12 19:14:34,2026-03-12 19:14:58,0.4,-9.85,0.0,0.0,-9.85,CLOSED,234000,From Django Serv
972010805,AUDUSD,BUY,0.34,0.70824,0.70818,2026-03-12 19:25:33,2026-03-12 19:27:29,1.9,-1.77,0.0,0.0,-1.77,CLOSED,234000,From Django Serv
972030952,AUDUSD,BUY,0.34,0.70855,0.70784,2026-03-12 19:28:33,2026-03-12 19:33:35,5.0,-20.96,0.0,0.0,-20.96,CLOSED,234000,From Django Serv
972170328,XAUUSD,BUY,0.11,5130.24,5129.0,2026-03-12 19:45:34,2026-03-12 19:45:41,0.1,-11.84,0.0,0.0,-11.84,CLOSED,234000,From Django Serv
972178115,XAUUSD,SELL,0.17,5126.95,5127.52,2026-03-12 19:46:34,2026-03-12 19:46:34,,-8.41,0.0,0.0,-8.41,CLOSED,234000,From Django Serv
972178700,XAUUSD,SELL,0.09,5128.01,5127.32,2026-03-12 19:46:36,2026-03-12 19:47:16,0.7,5.39,0.0,0.0,5.39,CLOSED,234000,From Django Serv
972185833,XAUUSD,SELL,0.12,5127.02,5126.77,2026-03-12 19:47:33,2026-03-12 19:47:50,0.3,2.6,0.0,0.0,2.6,CLOSED,234000,From Django Serv
972192204,XAUUSD,SELL,0.11,5129.03,5130.31,2026-03-12 19:48:33,2026-03-12 19:49:04,0.5,-12.22,0.0,0.0,-12.22,CLOSED,234000,From Django Serv
972197686,XAUUSD,SELL,0.11,5129.28,5130.61,2026-03-12 19:49:35,2026-03-12 19:49:52,0.3,-12.7,0.0,0.0,-12.7,CLOSED,234000,From Django Serv
972203190,XAUUSD,SELL,0.11,5128.78,5128.42,2026-03-12 19:50:33,2026-03-12 19:51:00,0.5,3.44,0.0,0.0,3.44,CLOSED,234000,From Django Serv
972208842,XAUUSD,SELL,0.05,5130.49,5129.95,2026-03-12 19:51:33,2026-03-12 19:51:47,0.2,2.34,0.0,0.0,2.34,CLOSED,234000,From Django Serv
972217816,XAUUSD,SELL,0.05,5134.34,5133.66,2026-03-12 19:52:33,2026-03-12 19:54:39,2.1,2.95,0.0,0.0,2.95,CLOSED,234000,From Django Serv
972234487,XAUUSD,SELL,0.05,5132.43,5131.44,2026-03-12 19:55:33,2026-03-12 19:56:48,1.2,4.3,0.0,0.0,4.3,CLOSED,234000,From Django Serv
972245754,XAUUSD,SELL,0.05,5131.21,5130.47,2026-03-12 19:57:34,2026-03-12 19:58:26,0.9,3.21,0.0,0.0,3.21,CLOSED,234000,From Django Serv
972256240,XAUUSD,SELL,0.05,5131.86,5127.8,2026-03-12 19:59:35,2026-03-12 20:14:20,14.8,17.62,0.0,0.0,17.62,CLOSED,234000,From Django Serv
972281123,GBPUSD,SELL,0.54,1.33505,1.33527,2026-03-12 20:04:35,2026-03-12 20:05:25,0.8,-10.31,0.0,0.0,-10.31,CLOSED,234000,From Django Serv
972290203,GBPUSD,SELL,0.4,1.33475,1.33443,2026-03-12 20:06:33,2026-03-12 20:13:45,7.2,11.11,0.0,0.0,11.11,CLOSED,234000,From Django Serv
972349005,XAUUSD,BUY,0.05,5128.62,5129.44,2026-03-12 20:14:49,2026-03-12 20:16:17,1.5,3.56,0.0,0.0,3.56,CLOSED,234000,From Django Serv
972704043,XAUUSD,SELL,0.05,5121.58,5118.5,2026-03-12 21:15:34,2026-03-12 21:18:26,2.9,13.36,0.0,0.0,13.36,CLOSED,234000,From Django Serv
972741830,XAUUSD,SELL,0.05,5119.55,5118.88,2026-03-12 21:19:36,2026-03-12 21:20:08,0.5,2.91,0.0,0.0,2.91,CLOSED,234000,From Django Serv
972746306,XAUUSD,SELL,0.05,5119.76,5118.92,2026-03-12 21:20:33,2026-03-12 21:24:20,3.8,3.64,0.0,0.0,3.64,CLOSED,234000,From Django Serv
972770450,XAUUSD,SELL,0.12,5119.82,5120.91,2026-03-12 21:24:58,2026-03-12 21:25:03,0.1,-11.35,0.0,0.0,-11.35,CLOSED,234000,From Django Serv
972798754,USDCAD,SELL,0.24,1.36281,1.36276,2026-03-12 21:30:11,2026-03-12 21:45:23,15.2,0.76,0.0,0.0,0.76,CLOSED,234000,From Django Serv
972798896,XAUUSD,SELL,0.06,5117.19,5116.79,2026-03-12 21:30:12,2026-03-12 21:32:25,2.2,2.08,0.0,0.0,2.08,CLOSED,234000,From Django Serv
972802001,EURUSD,SELL,0.21,1.15241,1.15238,2026-03-12 21:30:50,2026-03-12 21:45:58,15.1,0.55,0.0,0.0,0.55,CLOSED,234000,From Django Serv
972811735,XAUUSD,SELL,0.06,5116.64,5116.2,2026-03-12 21:32:38,2026-03-12 21:33:02,0.4,2.29,0.0,0.0,2.29,CLOSED,234000,From Django Serv
972886607,XAUUSD,SELL,0.05,5107.93,5107.79,2026-03-12 21:43:04,2026-03-12 21:46:23,3.3,0.61,0.0,0.0,0.61,CLOSED,234000,From Django Serv
972907055,XAUUSD,SELL,0.06,5108.81,5108.25,2026-03-12 21:46:34,2026-03-12 21:47:03,0.5,2.92,0.0,0.0,2.92,CLOSED,234000,From Django Serv
972907155,EURUSD,BUY,0.21,1.15246,1.1522000000000001,2026-03-12 21:46:36,2026-03-12 22:01:38,15.0,-4.74,0.0,0.0,-4.74,CLOSED,234000,From Django Serv
972911415,XAUUSD,SELL,0.06,5110.4,5109.58,2026-03-12 21:47:34,2026-03-12 21:51:20,3.8,4.27,0.0,0.0,4.27,CLOSED,234000,From Django Serv
972930151,XAUUSD,SELL,0.06,5108.31,5107.76,2026-03-12 21:51:34,2026-03-12 21:53:11,1.6,2.86,0.0,0.0,2.86,CLOSED,234000,From Django Serv
972939680,XAUUSD,SELL,0.06,5106.62,5105.76,2026-03-12 21:53:34,2026-03-12 21:55:32,2.0,4.48,0.0,0.0,4.48,CLOSED,234000,From Django Serv
972961176,XAUUSD,SELL,0.12,5106.07,5105.68,2026-03-12 21:56:34,2026-03-12 21:57:41,1.1,4.06,0.0,0.0,4.06,CLOSED,234000,From Django Serv
972972518,XAUUSD,SELL,0.12,5104.62,5104.01,2026-03-12 21:58:34,2026-03-12 21:58:54,0.3,6.35,0.0,0.0,6.35,CLOSED,234000,From Django Serv
972980094,XAUUSD,SELL,0.12,5103.88,5105.21,2026-03-12 21:59:36,2026-03-12 21:59:52,0.3,-13.85,0.0,0.0,-13.85,CLOSED,234000,From Django Serv
972985047,XAUUSD,SELL,0.12,5105.77,5107.0,2026-03-12 22:00:34,2026-03-12 22:00:35,0.0,-12.81,0.0,0.0,-12.81,CLOSED,234000,From Django Serv
972991132,XAUUSD,SELL,0.12,5108.68,5109.92,2026-03-12 22:01:34,2026-03-12 22:01:36,0.0,-12.91,0.0,0.0,-12.91,CLOSED,234000,From Django Serv
973001061,XAUUSD,SELL,0.05,5110.02,5108.95,2026-03-12 22:02:34,2026-03-12 22:04:24,1.8,4.64,0.0,0.0,4.64,CLOSED,234000,From Django Serv
973001170,EURUSD,SELL,0.21,1.15211,1.15212,2026-03-12 22:02:37,2026-03-12 22:17:40,15.1,-0.18,0.0,0.0,-0.18,CLOSED,234000,From Django Serv
973011568,XAUUSD,SELL,0.12,5110.12,5109.46,2026-03-12 22:04:36,2026-03-12 22:04:49,0.2,6.87,0.0,0.0,6.87,CLOSED,234000,From Django Serv
973026790,XAUUSD,SELL,0.06,5109.7,5108.61,2026-03-12 22:07:34,2026-03-12 22:10:16,2.7,5.68,0.0,0.0,5.68,CLOSED,234000,From Django Serv
973036787,USDCAD,SELL,0.24,1.3624,1.36242,2026-03-12 22:09:11,2026-03-12 22:24:15,15.1,-0.31,0.0,0.0,-0.31,CLOSED,234000,From Django Serv
973039619,GBPUSD,BUY,0.22,1.33547,1.33552,2026-03-12 22:09:52,2026-03-12 22:16:55,7.0,0.95,0.0,0.0,0.95,CLOSED,234000,From Django Serv
973042339,USDJPY,SELL,0.24,159.362,159.384,2026-03-12 22:10:15,2026-03-12 22:25:20,15.1,-2.88,0.0,0.0,-2.88,CLOSED,234000,From Django Serv
973042589,AUDUSD,SELL,0.34,0.70843,0.70829,2026-03-12 22:10:18,2026-03-12 22:24:01,13.7,4.13,0.0,0.0,4.13,CLOSED,234000,From Django Serv
973043265,XAUUSD,SELL,0.06,5108.59,5108.47,2026-03-12 22:10:27,2026-03-12 22:11:01,0.6,0.62,0.0,0.0,0.62,CLOSED,234000,From Django Serv
973045387,XAUUSD,SELL,0.05,5107.16,5106.53,2026-03-12 22:11:07,2026-03-12 22:13:44,2.6,2.73,0.0,0.0,2.73,CLOSED,234000,From Django Serv
973046671,XAGUSD,BUY,0.05,85.141,85.041,2026-03-12 22:11:34,2026-03-12 22:12:15,0.7,-21.7,0.0,0.0,-21.7,CLOSED,234000,From Django Serv
973055602,XAGUSD,BUY,0.05,85.025,84.931,2026-03-12 22:13:43,2026-03-12 22:14:46,1.1,-20.4,0.0,0.0,-20.4,CLOSED,234000,From Django Serv
973055873,XAUUSD,BUY,0.12,5106.74,5108.12,2026-03-12 22:13:49,2026-03-12 22:18:42,4.9,14.37,0.0,0.0,14.37,CLOSED,234000,From Django Serv
973068027,XAGUSD,SELL,0.05,85.074,84.95,2026-03-12 22:16:34,2026-03-12 22:27:11,10.6,26.91,0.0,0.0,26.91,CLOSED,234000,From Django Serv
973069999,GBPUSD,SELL,0.45,1.33556,1.3355000000000001,2026-03-12 22:17:03,2026-03-12 22:19:00,1.9,2.34,0.0,0.0,2.34,CLOSED,234000,From Django Serv
973071984,EURUSD,SELL,0.31,1.15204,1.15192,2026-03-12 22:17:49,2026-03-12 22:25:07,7.3,3.23,0.0,0.0,3.23,CLOSED,234000,From Django Serv
973075823,XAUUSD,SELL,0.09,5107.98,5105.34,2026-03-12 22:18:48,2026-03-12 22:24:00,5.2,20.63,0.0,0.0,20.63,CLOSED,234000,From Django Serv
973086220,GBPUSD,SELL,0.22,1.33505,1.33493,2026-03-12 22:20:42,2026-03-12 22:26:34,5.9,2.29,0.0,0.0,2.29,CLOSED,234000,From Django Serv
973108922,XAUUSD,SELL,0.05,5104.95,5104.01,2026-03-12 22:24:02,2026-03-12 22:25:07,1.1,4.08,0.0,0.0,4.08,CLOSED,234000,From Django Serv
973111129,AUDUSD,BUY,0.34,0.70836,0.70779,2026-03-12 22:24:19,2026-03-12 22:39:20,15.0,-16.83,0.0,0.0,-16.83,CLOSED,234000,From Django Serv
973112464,USDCAD,SELL,0.24,1.3623,1.36246,2026-03-12 22:24:38,2026-03-12 22:39:43,15.1,-2.45,0.0,0.0,-2.45,CLOSED,234000,From Django Serv
973116735,EURUSD,BUY,0.21,1.15191,1.1513,2026-03-12 22:25:20,2026-03-12 22:40:25,15.1,-11.13,0.0,0.0,-11.13,CLOSED,234000,From Django Serv
973116944,XAUUSD,SELL,0.06,5104.12,5103.61,2026-03-12 22:25:24,2026-03-12 22:26:31,1.1,2.66,0.0,0.0,2.66,CLOSED,234000,From Django Serv
973117329,USDJPY,SELL,0.24,159.366,159.402,2026-03-12 22:25:34,2026-03-12 22:40:38,15.1,-4.71,0.0,0.0,-4.71,CLOSED,234000,From Django Serv
973121007,XAUUSD,BUY,0.05,5103.55,5104.26,2026-03-12 22:26:36,2026-03-12 22:27:15,0.7,3.08,0.0,0.0,3.08,CLOSED,234000,From Django Serv
973121530,GBPUSD,BUY,0.18,1.33491,1.33453,2026-03-12 22:26:48,2026-03-12 22:41:52,15.1,-5.9399999999999995,0.0,0.0,-5.94,CLOSED,234000,From Django Serv
973123276,XAGUSD,SELL,0.05,84.886,84.97,2026-03-12 22:27:19,2026-03-12 22:27:24,0.1,-18.24,0.0,0.0,-18.24,CLOSED,234000,From Django Serv
973123582,XAGUSD,BUY,0.05,84.969,84.884,2026-03-12 22:27:26,2026-03-12 22:27:44,0.3,-18.45,0.0,0.0,-18.45,CLOSED,234000,From Django Serv
973124646,XAUUSD,BUY,0.05,5105.57,5100.51,2026-03-12 22:27:35,2026-03-12 22:34:29,6.9,-21.97,0.0,0.0,-21.97,CLOSED,234000,From Django Serv
973125599,XAGUSD,SELL,0.05,84.867,84.952,2026-03-12 22:27:51,2026-03-12 22:28:00,0.1,-18.45,0.0,0.0,-18.45,CLOSED,234000,From Django Serv
973127099,XAGUSD,SELL,0.05,84.881,84.871,2026-03-12 22:28:23,2026-03-12 22:30:16,1.9,2.17,0.0,0.0,2.17,CLOSED,234000,From Django Serv
973143930,XAGUSD,SELL,0.05,84.746,84.846,2026-03-12 22:32:33,2026-03-12 22:32:36,0.1,-21.71,0.0,0.0,-21.71,CLOSED,234000,From Django Serv
973148621,XAGUSD,SELL,0.05,84.9,84.987,2026-03-12 22:33:58,2026-03-12 22:34:11,0.2,-18.89,0.0,0.0,-18.89,CLOSED,234000,From Django Serv
973155073,XAUUSD,SELL,0.05,5100.23,5099.81,2026-03-12 22:34:45,2026-03-12 22:42:47,8.0,1.8199999999999998,0.0,0.0,1.82,CLOSED,234000,From Django Serv
973156210,XAGUSD,SELL,0.05,84.785,84.894,2026-03-12 22:34:51,2026-03-12 22:35:02,0.2,-23.67,0.0,0.0,-23.67,CLOSED,234000,From Django Serv
973162175,XAGUSD,SELL,0.05,84.73,84.851,2026-03-12 22:35:37,2026-03-12 22:35:50,0.2,-26.27,0.0,0.0,-26.27,CLOSED,234000,From Django Serv
973166314,XAGUSD,SELL,0.05,84.765,84.851,2026-03-12 22:36:26,2026-03-12 22:36:30,0.1,-18.67,0.0,0.0,-18.67,CLOSED,234000,From Django Serv
973175261,XAGUSD,SELL,0.05,84.878,84.969,2026-03-12 22:38:00,2026-03-12 22:38:04,0.1,-19.76,0.0,0.0,-19.76,CLOSED,234000,From Django Serv
973176214,XAGUSD,BUY,0.05,84.968,84.883,2026-03-12 22:38:19,2026-03-12 22:38:20,0.0,-18.46,0.0,0.0,-18.46,CLOSED,234000,From Django Serv
973178013,XAGUSD,BUY,0.05,84.87,84.874,2026-03-12 22:38:37,2026-03-12 22:41:16,2.6,0.87,0.0,0.0,0.87,CLOSED,234000,From Django Serv
973182343,AUDUSD,SELL,0.34,0.70773,0.70816,2026-03-12 22:39:44,2026-03-12 22:54:45,15.0,-12.7,0.0,0.0,-12.7,CLOSED,234000,From Django Serv
973182561,USDCAD,SELL,0.24,1.36235,1.36221,2026-03-12 22:39:48,2026-03-12 22:57:22,17.6,2.14,0.0,0.0,2.14,CLOSED,234000,From Django Serv
973184946,EURUSD,BUY,0.21,1.15141,1.1514,2026-03-12 22:40:42,2026-03-12 22:55:50,15.1,-0.18,0.0,0.0,-0.18,CLOSED,234000,From Django Serv
973186165,USDJPY,BUY,0.24,159.402,159.386,2026-03-12 22:41:11,2026-03-12 22:56:14,15.1,-2.09,0.0,0.0,-2.09,CLOSED,234000,From Django Serv
973187584,XAGUSD,SELL,0.05,84.913,84.998,2026-03-12 22:41:36,2026-03-12 22:41:44,0.1,-18.46,0.0,0.0,-18.46,CLOSED,234000,From Django Serv
973188089,XAGUSD,SELL,0.05,84.916,84.923,2026-03-12 22:41:51,2026-03-12 22:45:46,3.9,-1.52,0.0,0.0,-1.52,CLOSED,234000,From Django Serv
973188826,GBPUSD,BUY,0.18,1.3347,1.33444,2026-03-12 22:42:04,2026-03-12 22:57:11,15.1,-4.06,0.0,0.0,-4.06,CLOSED,234000,From Django Serv
973192287,XAUUSD,SELL,0.06,5099.1,5097.8,2026-03-12 22:43:06,2026-03-12 22:45:50,2.7,6.77,0.0,0.0,6.77,CLOSED,234000,From Django Serv
973207639,XAUUSD,BUY,0.05,5097.74,5092.64,2026-03-12 22:45:51,2026-03-12 22:49:21,3.5,-22.15,0.0,0.0,-22.15,CLOSED,234000,From Django Serv
973221744,XAGUSD,SELL,0.05,84.861,84.946,2026-03-12 22:48:44,2026-03-12 22:49:01,0.3,-18.46,0.0,0.0,-18.46,CLOSED,234000,From Django Serv
973224718,XAGUSD,SELL,0.05,84.825,84.815,2026-03-12 22:49:14,2026-03-12 22:50:23,1.1,2.17,0.0,0.0,2.17,CLOSED,234000,From Django Serv
973230424,XAUUSD,SELL,0.05,5093.13,5092.44,2026-03-12 22:49:31,2026-03-12 22:50:24,0.9,3.0,0.0,0.0,3.0,CLOSED,234000,From Django Serv
973238729,XAUUSD,SELL,0.05,5092.74,5092.18,2026-03-12 22:50:35,2026-03-12 22:50:54,0.3,2.43,0.0,0.0,2.43,CLOSED,234000,From Django Serv
973241043,XAUUSD,BUY,0.05,5092.8,5095.42,2026-03-12 22:50:56,2026-03-12 22:59:32,8.6,11.38,0.0,0.0,11.38,CLOSED,234000,From Django Serv
973246824,XAGUSD,BUY,0.05,84.885,84.79,2026-03-12 22:51:59,2026-03-12 22:52:12,0.2,-20.63,0.0,0.0,-20.63,CLOSED,234000,From Django Serv
973260118,XAGUSD,SELL,0.05,84.993,84.913,2026-03-12 22:54:27,2026-03-12 23:01:01,6.6,17.37,0.0,0.0,17.37,CLOSED,234000,From Django Serv
973261417,AUDUSD,SELL,0.34,0.70801,0.70819,2026-03-12 22:54:53,2026-03-12 23:15:04,20.2,-5.31,0.0,0.0,-5.31,CLOSED,234000,From Django Serv
973265948,EURUSD,SELL,0.26,1.15141,1.15131,2026-03-12 22:56:04,2026-03-12 23:01:01,5.0,2.26,0.0,0.0,2.26,CLOSED,234000,From Django Serv
973267256,USDJPY,BUY,0.24,159.405,159.409,2026-03-12 22:56:33,2026-03-12 23:15:04,18.5,0.52,0.0,0.0,0.52,CLOSED,234000,From Django Serv
973269780,GBPUSD,SELL,0.18,1.33443,1.3343,2026-03-12 22:57:13,2026-03-12 23:00:58,3.8,2.03,0.0,0.0,2.03,CLOSED,234000,From Django Serv
973270146,USDCAD,BUY,0.24,1.36221,1.36231,2026-03-12 22:57:25,2026-03-12 23:28:35,31.2,1.53,0.0,0.0,1.53,CLOSED,234000,From Django Serv
973277324,XAUUSD,BUY,0.05,5095.78,5090.56,2026-03-12 22:59:35,2026-03-12 23:02:06,2.5,-22.67,0.0,0.0,-22.67,CLOSED,234000,From Django Serv
973290265,GBPUSD,SELL,0.18,1.33426,1.33448,2026-03-12 23:01:13,2026-03-12 23:16:24,15.2,-3.44,0.0,0.0,-3.44,CLOSED,234000,From Django Serv
973291267,EURUSD,SELL,0.39,1.15126,1.15174,2026-03-12 23:01:28,2026-03-12 23:06:10,4.7,-16.25,0.0,0.0,-16.25,CLOSED,234000,From Django Serv
973387130,XAGUSD,BUY,0.05,84.943,84.836,2026-03-12 23:15:21,2026-03-12 23:15:24,0.1,-23.23,0.0,0.0,-23.23,CLOSED,234000,From Django Serv
973389062,USDJPY,SELL,0.24,159.419,159.427,2026-03-12 23:15:35,2026-03-12 23:30:45,15.2,-1.05,0.0,0.0,-1.05,CLOSED,234000,From Django Serv
973394538,AUDUSD,BUY,0.34,0.7081,0.70805,2026-03-12 23:16:29,2026-03-12 23:31:39,15.2,-1.48,0.0,0.0,-1.48,CLOSED,234000,From Django Serv
973394786,XAUUSD,BUY,0.05,5082.22,5082.8,2026-03-12 23:16:34,2026-03-12 23:17:20,0.8,2.52,0.0,0.0,2.52,CLOSED,234000,From Django Serv
973396869,EURUSD,SELL,0.21,1.15146,1.15171,2026-03-12 23:16:54,2026-03-12 23:32:17,15.4,-4.5600000000000005,0.0,0.0,-4.56,CLOSED,234000,From Django Serv
973399330,XAUUSD,SELL,0.05,5083.22,5087.7,2026-03-12 23:17:23,2026-03-12 23:18:46,1.4,-19.45,0.0,0.0,-19.45,CLOSED,234000,From Django Serv
973404248,GBPUSD,BUY,0.18,1.33443,1.33459,2026-03-12 23:18:17,2026-03-12 23:36:06,17.8,2.5,0.0,0.0,2.5,CLOSED,234000,From Django Serv
973407150,XAUUSD,BUY,0.05,5087.17,5087.74,2026-03-12 23:18:54,2026-03-12 23:22:39,3.8,2.4699999999999998,0.0,0.0,2.47,CLOSED,234000,From Django Serv
973409660,XAGUSD,SELL,0.05,84.807,84.852,2026-03-12 23:19:27,2026-03-12 23:21:45,2.3,-9.77,0.0,0.0,-9.77,CLOSED,234000,From Django Serv
973418091,XAGUSD,SELL,0.05,84.779,84.864,2026-03-12 23:21:50,2026-03-12 23:21:51,0.0,-18.46,0.0,0.0,-18.46,CLOSED,234000,From Django Serv
973420172,XAGUSD,BUY,0.05,84.852,84.766,2026-03-12 23:22:16,2026-03-12 23:22:21,0.1,-18.67,0.0,0.0,-18.67,CLOSED,234000,From Django Serv
973421700,XAUUSD,SELL,0.05,5087.36,5092.46,2026-03-12 23:22:46,2026-03-12 23:24:22,1.6,-22.15,0.0,0.0,-22.15,CLOSED,234000,From Django Serv
973423612,XAGUSD,BUY,0.05,84.822,84.782,2026-03-12 23:23:14,2026-03-12 23:25:29,2.2,-8.69,0.0,0.0,-8.69,CLOSED,234000,From Django Serv
973432201,XAUUSD,SELL,0.05,5093.0,5091.67,2026-03-12 23:24:32,2026-03-12 23:26:41,2.1,5.78,0.0,0.0,5.78,CLOSED,234000,From Django Serv
973437380,XAGUSD,SELL,0.05,84.775,84.861,2026-03-12 23:25:43,2026-03-12 23:26:12,0.5,-18.67,0.0,0.0,-18.67,CLOSED,234000,From Django Serv
973441798,XAUUSD,SELL,0.05,5090.06,5095.55,2026-03-12 23:26:51,2026-03-12 23:29:23,2.5,-23.84,0.0,0.0,-23.84,CLOSED,234000,From Django Serv
973442858,XAGUSD,BUY,0.05,84.85,84.763,2026-03-12 23:27:07,2026-03-12 23:27:53,0.8,-18.89,0.0,0.0,-18.89,CLOSED,234000,From Django Serv
973445547,XAGUSD,SELL,0.05,84.78,84.866,2026-03-12 23:28:20,2026-03-12 23:28:29,0.1,-18.67,0.0,0.0,-18.67,CLOSED,234000,From Django Serv
973450667,USDCAD,SELL,0.24,1.36233,1.36292,2026-03-12 23:29:07,2026-03-13 00:10:30,41.4,-9.03,0.0,0.0,-9.03,CLOSED,234000,From Django Serv
973450799,XAGUSD,SELL,0.05,84.864,84.954,2026-03-12 23:29:09,2026-03-12 23:29:10,0.0,-19.54,0.0,0.0,-19.54,CLOSED,234000,From Django Serv
973455275,XAUUSD,BUY,0.05,5093.47,5093.13,2026-03-12 23:29:54,2026-03-12 23:30:35,0.7,-1.48,0.0,0.0,-1.48,CLOSED,234000,From Django Serv
973455405,XAGUSD,BUY,0.05,84.984,84.899,2026-03-12 23:29:56,2026-03-12 23:30:34,0.6,-18.45,0.0,0.0,-18.45,CLOSED,234000,From Django Serv
973460658,USDJPY,SELL,0.24,159.409,159.391,2026-03-12 23:31:02,2026-03-12 23:51:09,20.1,2.35,0.0,0.0,2.35,CLOSED,234000,From Django Serv
973461112,XAUUSD,BUY,0.05,5095.29,5095.86,2026-03-12 23:31:08,2026-03-12 23:32:48,1.7,2.4699999999999998,0.0,0.0,2.47,CLOSED,234000,From Django Serv
973463764,AUDUSD,BUY,0.34,0.70822,0.70791,2026-03-12 23:31:43,2026-03-13 00:10:31,38.8,-9.16,0.0,0.0,-9.16,CLOSED,234000,From Django Serv
973466048,EURUSD,SELL,0.21,1.15162,1.15147,2026-03-12 23:32:27,2026-03-13 01:27:27,115.0,2.74,0.0,0.59,3.33,CLOSED,234000,From Django Serv
973466776,XAGUSD,BUY,0.05,85.04,84.95,2026-03-12 23:32:43,2026-03-12 23:32:47,0.1,-19.54,0.0,0.0,-19.54,CLOSED,234000,From Django Serv
973468492,XAUUSD,SELL,0.05,5096.36,5095.76,2026-03-12 23:33:03,2026-03-12 23:34:09,1.1,2.6,0.0,0.0,2.6,CLOSED,234000,From Django Serv
973468641,XAGUSD,BUY,0.05,85.027,84.942,2026-03-12 23:33:06,2026-03-12 23:33:22,0.3,-18.45,0.0,0.0,-18.45,CLOSED,234000,From Django Serv
973470556,XAGUSD,SELL,0.05,84.912,84.999,2026-03-12 23:33:43,2026-03-12 23:34:11,0.5,-18.88,0.0,0.0,-18.88,CLOSED,234000,From Django Serv
973473681,XAUUSD,SELL,0.05,5094.76,5084.79,2026-03-12 23:34:33,2026-03-13 02:05:01,150.5,50.71,0.0,2.34,53.05,CLOSED,234000,From Django Serv
973476211,XAGUSD,SELL,0.05,84.913,84.998,2026-03-12 23:35:19,2026-03-12 23:35:38,0.3,-18.45,0.0,0.0,-18.45,CLOSED,234000,From Django Serv
973483258,GBPUSD,SELL,0.36,1.33477,1.33467,2026-03-12 23:37:08,2026-03-13 00:10:32,33.4,3.13,0.0,0.0,3.13,CLOSED,234000,From Django Serv
973485588,XAGUSD,SELL,0.05,84.815,84.906,2026-03-12 23:38:02,2026-03-12 23:39:12,1.2,-19.75,0.0,0.0,-19.75,CLOSED,234000,From Django Serv
973607201,XAGUSD,SELL,0.05,84.511,84.598,2026-03-13 00:10:46,2026-03-13 00:10:59,0.2,-18.89,0.0,0.0,-18.89,CLOSED,234000,From Django Serv
973614512,USDJPY,SELL,0.24,159.404,159.407,2026-03-13 00:13:05,2026-03-13 01:32:37,79.5,-0.39,0.0,-2.19,-2.58,CLOSED,234000,From Django Serv
973842668,GBPUSD,BUY,0.18,1.33521,1.33435,2026-03-13 01:28:00,2026-03-13 01:43:02,15.0,-13.45,0.0,0.0,-13.45,CLOSED,234000,From Django Serv
973842675,USDCAD,BUY,0.24,1.36441,1.3630499999999999,2026-03-13 01:28:02,2026-03-13 01:31:56,3.9,-20.8,0.0,0.0,-20.8,CLOSED,234000,From Django Serv
973843417,USDCAD,BUY,0.3,1.36457,1.36355,2026-03-13 01:33:01,2026-03-13 01:36:33,3.5,-19.5,0.0,0.0,-19.5,CLOSED,234000,From Django Serv
973860565,GBPUSD,SELL,0.27,1.33436,1.33435,2026-03-13 02:02:54,2026-03-13 02:17:56,15.0,0.23,0.0,0.0,0.23,CLOSED,234000,From Django Serv
973877240,XAUUSD,SELL,0.06,5081.57,5080.73,2026-03-13 02:05:56,2026-03-13 02:06:46,0.8,4.38,0.0,0.0,4.38,CLOSED,234000,From Django Serv
973901049,XAUUSD,SELL,0.06,5085.59,5083.21,2026-03-13 02:11:19,2026-03-13 02:15:44,4.4,12.4,0.0,0.0,12.4,CLOSED,234000,From Django Serv
973913595,EURUSD,BUY,0.26,1.15158,1.15178,2026-03-13 02:15:04,2026-03-13 02:37:34,22.5,4.51,0.0,0.0,4.51,CLOSED,234000,From Django Serv
973919195,XAUUSD,SELL,0.06,5086.26,5089.97,2026-03-13 02:16:54,2026-03-13 02:17:05,0.2,-19.33,0.0,0.0,-19.33,CLOSED,234000,From Django Serv
973928057,XAUUSD,SELL,0.06,5089.18,5088.57,2026-03-13 02:17:55,2026-03-13 02:18:12,0.3,3.18,0.0,0.0,3.18,CLOSED,234000,From Django Serv
973928112,GBPUSD,SELL,0.18,1.3342,1.33499,2026-03-13 02:17:57,2026-03-13 02:33:01,15.1,-12.34,0.0,0.0,-12.34,CLOSED,234000,From Django Serv
973933384,XAUUSD,SELL,0.06,5088.88,5092.44,2026-03-13 02:18:53,2026-03-13 02:23:27,4.6,-18.55,0.0,0.0,-18.55,CLOSED,234000,From Django Serv
973951700,XAUUSD,SELL,0.06,5092.83,5091.93,2026-03-13 02:23:53,2026-03-13 02:28:16,4.4,4.6899999999999995,0.0,0.0,4.69,CLOSED,234000,From Django Serv
973970509,XAUUSD,SELL,0.06,5091.87,5091.42,2026-03-13 02:28:53,2026-03-13 02:31:28,2.6,2.34,0.0,0.0,2.34,CLOSED,234000,From Django Serv
973977122,XAUUSD,SELL,0.06,5091.58,5091.16,2026-03-13 02:31:54,2026-03-13 02:34:23,2.5,2.19,0.0,0.0,2.19,CLOSED,234000,From Django Serv
973980866,GBPUSD,SELL,0.18,1.33477,1.33517,2026-03-13 02:33:54,2026-03-13 02:42:03,8.2,-6.25,0.0,0.0,-6.25,CLOSED,234000,From Django Serv
973982496,XAUUSD,SELL,0.06,5090.37,5088.52,2026-03-13 02:34:53,2026-03-13 02:40:33,5.7,9.63,0.0,0.0,9.63,CLOSED,234000,From Django Serv
973994698,EURUSD,BUY,0.26,1.1519300000000001,1.15179,2026-03-13 02:37:57,2026-03-13 02:53:01,15.1,-3.16,0.0,0.0,-3.16,CLOSED,234000,From Django Serv
973994769,USDCHF,BUY,0.36,0.78595,0.78557,2026-03-13 02:37:59,2026-03-13 02:53:01,15.0,-15.12,0.0,0.0,-15.12,CLOSED,234000,From Django Serv
974001944,XAUUSD,SELL,0.1,5087.39,5089.35,2026-03-13 02:40:53,2026-03-13 02:42:21,1.5,-17.01,0.0,0.0,-17.01,CLOSED,234000,From Django Serv
974007309,XAUUSD,SELL,0.1,5089.32,5088.94,2026-03-13 02:42:53,2026-03-13 02:44:48,1.9,3.3,0.0,0.0,3.3,CLOSED,234000,From Django Serv
974007332,GBPUSD,SELL,0.18,1.33506,1.33504,2026-03-13 02:42:55,2026-03-13 02:57:56,15.0,0.31,0.0,0.0,0.31,CLOSED,234000,From Django Serv
974015149,XAUUSD,BUY,0.05,5091.81,5093.45,2026-03-13 02:45:54,2026-03-13 03:00:47,14.9,7.12,0.0,0.0,7.12,CLOSED,234000,From Django Serv
974033795,EURUSD,BUY,0.21,1.15194,1.15195,2026-03-13 02:53:54,2026-03-13 03:08:56,15.0,0.18,0.0,0.0,0.18,CLOSED,234000,From Django Serv
974033815,USDCHF,BUY,0.24,0.78579,0.78558,2026-03-13 02:53:55,2026-03-13 03:08:56,15.0,-5.57,0.0,0.0,-5.57,CLOSED,234000,From Django Serv
974045064,GBPUSD,SELL,0.18,1.3349,1.33505,2026-03-13 02:58:54,2026-03-13 03:13:56,15.0,-2.34,0.0,0.0,-2.34,CLOSED,234000,From Django Serv
974058465,XAUUSD,BUY,0.05,5090.68,5092.78,2026-03-13 03:01:58,2026-03-13 03:11:22,9.4,9.11,0.0,0.0,9.11,CLOSED,234000,From Django Serv
974082590,EURUSD,BUY,0.52,1.15213,1.15184,2026-03-13 03:09:54,2026-03-13 03:16:07,6.2,-13.09,0.0,0.0,-13.09,CLOSED,234000,From Django Serv
974082621,USDCHF,BUY,0.24,0.78564,0.7857,2026-03-13 03:09:55,2026-03-13 03:29:41,19.8,1.5899999999999999,0.0,0.0,1.59,CLOSED,234000,From Django Serv
974088846,XAUUSD,BUY,0.05,5093.46,5093.94,2026-03-13 03:11:58,2026-03-13 03:12:40,0.7,2.08,0.0,0.0,2.08,CLOSED,234000,From Django Serv
974092128,XAUUSD,BUY,0.05,5094.32,5094.71,2026-03-13 03:12:54,2026-03-13 03:18:06,5.2,1.69,0.0,0.0,1.69,CLOSED,234000,From Django Serv
974098731,GBPUSD,SELL,0.18,1.33488,1.33487,2026-03-13 03:14:54,2026-03-13 03:29:56,15.0,0.16,0.0,0.0,0.16,CLOSED,234000,From Django Serv
974105771,EURUSD,BUY,0.21,1.15192,1.15161,2026-03-13 03:16:58,2026-03-13 03:32:01,15.1,-5.65,0.0,0.0,-5.65,CLOSED,234000,From Django Serv
974109252,XAUUSD,BUY,0.05,5094.49,5096.22,2026-03-13 03:18:54,2026-03-13 03:25:01,6.1,7.51,0.0,0.0,7.51,CLOSED,234000,From Django Serv
974133007,XAUUSD,BUY,0.05,5099.51,5093.94,2026-03-13 03:25:54,2026-03-13 03:29:35,3.7,-24.18,0.0,0.0,-24.18,CLOSED,234000,From Django Serv
974144237,XAUUSD,BUY,0.05,5093.68,5094.92,2026-03-13 03:29:54,2026-03-13 03:32:34,2.7,5.38,0.0,0.0,5.38,CLOSED,234000,From Django Serv
974151975,GBPUSD,SELL,0.18,1.3348,1.33518,2026-03-13 03:31:58,2026-03-13 03:36:27,4.5,-5.9399999999999995,0.0,0.0,-5.94,CLOSED,234000,From Django Serv
974155565,EURUSD,BUY,0.39,1.15185,1.15205,2026-03-13 03:32:54,2026-03-13 03:54:15,21.4,6.77,0.0,0.0,6.77,CLOSED,234000,From Django Serv
974155598,XAUUSD,BUY,0.05,5095.97,5096.73,2026-03-13 03:32:56,2026-03-13 03:33:46,0.8,3.3,0.0,0.0,3.3,CLOSED,234000,From Django Serv
974160405,XAUUSD,BUY,0.05,5095.59,5095.57,2026-03-13 03:34:55,2026-03-13 03:38:36,3.7,-0.09,0.0,0.0,-0.09,CLOSED,234000,From Django Serv
974166023,GBPUSD,SELL,0.18,1.33505,1.33545,2026-03-13 03:36:58,2026-03-13 03:52:01,15.1,-6.25,0.0,0.0,-6.25,CLOSED,234000,From Django Serv
974170645,XAUUSD,BUY,0.05,5095.98,5096.87,2026-03-13 03:38:55,2026-03-13 03:40:31,1.6,3.86,0.0,0.0,3.86,CLOSED,234000,From Django Serv
974176717,XAUUSD,BUY,0.05,5096.35,5096.88,2026-03-13 03:40:55,2026-03-13 03:46:36,5.7,2.3,0.0,0.0,2.3,CLOSED,234000,From Django Serv
974193094,XAUUSD,BUY,0.05,5097.41,5098.14,2026-03-13 03:46:59,2026-03-13 03:50:37,3.6,3.17,0.0,0.0,3.17,CLOSED,234000,From Django Serv
974204456,XAUUSD,BUY,0.05,5097.71,5098.87,2026-03-13 03:50:55,2026-03-13 03:55:08,4.2,5.03,0.0,0.0,5.03,CLOSED,234000,From Django Serv
974211748,GBPUSD,SELL,0.18,1.33521,1.33624,2026-03-13 03:52:54,2026-03-13 04:07:56,15.0,-16.08,0.0,0.0,-16.08,CLOSED,234000,From Django Serv
974214740,EURUSD,BUY,0.39,1.15206,1.15217,2026-03-13 03:54:54,2026-03-13 04:02:39,7.8,3.7199999999999998,0.0,0.0,3.72,CLOSED,234000,From Django Serv
974216316,XAUUSD,BUY,0.05,5099.68,5100.22,2026-03-13 03:55:55,2026-03-13 03:58:07,2.2,2.34,0.0,0.0,2.34,CLOSED,234000,From Django Serv
974224134,XAUUSD,BUY,0.05,5100.23,5101.64,2026-03-13 03:58:55,2026-03-13 04:01:54,3.0,6.12,0.0,0.0,6.12,CLOSED,234000,From Django Serv
974244855,EURUSD,BUY,0.23,1.15235,1.15243,2026-03-13 04:02:54,2026-03-13 04:12:46,9.9,1.6,0.0,0.0,1.6,CLOSED,234000,From Django Serv
974245049,XAUUSD,BUY,0.05,5100.33,5100.87,2026-03-13 04:02:56,2026-03-13 04:03:27,0.5,2.34,0.0,0.0,2.34,CLOSED,234000,From Django Serv
974247960,XAUUSD,BUY,0.05,5100.2,5111.1,2026-03-13 04:03:55,2026-03-13 06:59:11,175.3,47.33,0.0,0.0,47.33,CLOSED,234000,From Django Serv
974284985,EURUSD,BUY,0.31,1.15276,1.15258,2026-03-13 04:13:54,2026-03-13 04:28:56,15.0,-4.84,0.0,0.0,-4.84,CLOSED,234000,From Django Serv
974328269,EURUSD,BUY,0.23,1.15275,1.15212,2026-03-13 04:29:54,2026-03-13 04:44:56,15.0,-12.58,0.0,0.0,-12.58,CLOSED,234000,From Django Serv
974331859,USDCAD,SELL,0.24,1.36232,1.36274,2026-03-13 04:30:53,2026-03-13 04:45:56,15.1,-6.42,0.0,0.0,-6.42,CLOSED,234000,From Django Serv
974373061,USDCAD,SELL,0.24,1.36258,1.36257,2026-03-13 04:47:01,2026-03-13 05:02:01,15.0,0.15,0.0,0.0,0.15,CLOSED,234000,From Django Serv
974425941,AUDUSD,BUY,0.34,0.70875,0.70891,2026-03-13 05:00:54,2026-03-13 05:16:22,15.5,4.72,0.0,0.0,4.72,CLOSED,234000,From Django Serv
974434328,USDCAD,SELL,0.24,1.36256,1.3624100000000001,2026-03-13 05:02:54,2026-03-13 05:15:16,12.4,2.29,0.0,0.0,2.29,CLOSED,234000,From Django Serv
974475434,USDCAD,SELL,0.24,1.3623,1.36261,2026-03-13 05:16:01,2026-03-13 05:31:06,15.1,-4.74,0.0,0.0,-4.74,CLOSED,234000,From Django Serv
974478465,AUDUSD,BUY,0.34,0.70908,0.70884,2026-03-13 05:17:01,2026-03-13 05:32:06,15.1,-7.08,0.0,0.0,-7.08,CLOSED,234000,From Django Serv
974525483,USDCAD,SELL,0.24,1.36253,1.36314,2026-03-13 05:32:02,2026-03-13 05:47:06,15.1,-9.32,0.0,0.0,-9.32,CLOSED,234000,From Django Serv
974528540,AUDUSD,BUY,0.34,0.7089,0.7082,2026-03-13 05:33:01,2026-03-13 05:46:05,13.1,-20.66,0.0,0.0,-20.66,CLOSED,234000,From Django Serv
974582771,AUDUSD,BUY,0.34,0.70828,0.7083,2026-03-13 05:47:01,2026-03-13 06:02:06,15.1,0.59,0.0,0.0,0.59,CLOSED,234000,From Django Serv
974588011,USDCAD,SELL,0.24,1.36318,1.3631,2026-03-13 05:48:02,2026-03-13 06:03:51,15.8,1.22,0.0,0.0,1.22,CLOSED,234000,From Django Serv
974659095,NZDUSD,SELL,0.41,0.58523,0.58517,2026-03-13 06:03:02,2026-03-13 06:17:16,14.2,2.14,0.0,0.0,2.14,CLOSED,234000,From Django Serv
974664549,USDCAD,SELL,0.24,1.36285,1.36314,2026-03-13 06:05:02,2026-03-13 06:20:06,15.1,-4.43,0.0,0.0,-4.43,CLOSED,234000,From Django Serv
974699339,NZDUSD,SELL,0.41,0.58498,0.58532,2026-03-13 06:18:02,2026-03-13 06:33:06,15.1,-12.1,0.0,0.0,-12.1,CLOSED,234000,From Django Serv
974710413,USDCAD,SELL,0.24,1.3630200000000001,1.36321,2026-03-13 06:21:02,2026-03-13 06:36:06,15.1,-2.9,0.0,0.0,-2.9,CLOSED,234000,From Django Serv
974752335,NZDUSD,SELL,0.41,0.58518,0.58538,2026-03-13 06:34:02,2026-03-13 06:34:08,0.1,-7.12,0.0,0.0,-7.12,CLOSED,234000,From Django Serv
974753357,NZDUSD,SELL,0.41,0.58532,0.58497,2026-03-13 06:35:02,2026-03-13 06:55:36,20.6,16.0,0.0,0.0,16.0,CLOSED,234000,From Django Serv
974758481,USDCAD,SELL,0.24,1.36318,1.36344,2026-03-13 06:37:02,2026-03-13 06:37:56,0.9,-3.9699999999999998,0.0,0.0,-3.97,CLOSED,234000,From Django Serv
974782902,NZDUSD,SELL,0.27,0.58473,0.58483,2026-03-13 06:44:51,2026-03-13 06:59:56,15.1,-2.34,0.0,0.0,-2.34,CLOSED,234000,Scale-in for tic
974783567,USDCAD,BUY,0.24,1.36375,1.36368,2026-03-13 06:45:01,2026-03-13 07:00:06,15.1,-1.07,0.0,0.0,-1.07,CLOSED,234000,From Django Serv
974814976,USDJPY,BUY,0.24,159.322,159.274,2026-03-13 06:54:01,2026-03-13 06:55:35,1.6,-6.28,0.0,0.0,-6.28,CLOSED,234000,From Django Serv
974835004,AUDUSD,SELL,0.34,0.70764,0.70706,2026-03-13 07:00:02,2026-03-13 07:47:21,47.3,20.869999999999997,0.0,0.0,20.87,CLOSED,234000,From Django Serv
974835103,NZDUSD,SELL,0.6,0.58462,0.58442,2026-03-13 07:00:03,2026-03-13 07:34:13,34.2,10.43,0.0,0.0,10.43,CLOSED,234000,From Django Serv
974840434,USDCAD,BUY,0.24,1.36379,1.36382,2026-03-13 07:01:02,2026-03-13 07:16:06,15.1,0.46,0.0,0.0,0.46,CLOSED,234000,From Django Serv
974885473,GBPUSD,SELL,0.18,1.33441,1.33441,2026-03-13 07:15:01,2026-03-13 07:30:01,15.0,0.0,0.0,0.0,0.0,CLOSED,234000,From Django Serv
974890739,USDCAD,BUY,0.24,1.36391,1.36398,2026-03-13 07:17:01,2026-03-13 07:32:21,15.3,1.07,0.0,0.0,1.07,CLOSED,234000,From Django Serv
974929918,GBPUSD,SELL,0.18,1.33401,1.33462,2026-03-13 07:31:01,2026-03-13 07:46:06,15.1,-9.54,0.0,0.0,-9.54,CLOSED,234000,From Django Serv
974934501,USDCAD,BUY,0.24,1.36412,1.36364,2026-03-13 07:33:01,2026-03-13 07:48:06,15.1,-7.34,0.0,0.0,-7.34,CLOSED,234000,From Django Serv
974939464,NZDUSD,SELL,0.49,0.58437,0.58427,2026-03-13 07:35:01,2026-03-13 07:39:58,5.0,4.26,0.0,0.0,4.26,CLOSED,234000,From Django Serv
974956771,NZDUSD,SELL,0.49,0.58422,0.58469,2026-03-13 07:41:00,2026-03-13 07:48:03,7.0,-20.01,0.0,0.0,-20.01,CLOSED,234000,From Django Serv
974972119,GBPUSD,SELL,0.18,1.3346,1.33464,2026-03-13 07:47:00,2026-03-13 08:02:03,15.1,-0.63,0.0,0.0,-0.63,CLOSED,234000,From Django Serv
974974229,AUDUSD,SELL,0.34,0.70698,0.70714,2026-03-13 07:48:01,2026-03-13 08:03:01,15.0,-4.73,0.0,0.0,-4.73,CLOSED,234000,From Django Serv
975003811,NZDUSD,SELL,0.46,0.58443,0.58325,2026-03-13 08:03:02,2026-03-13 08:36:08,33.1,41.589999999999996,0.0,0.0,41.59,CLOSED,234000,From Django Serv
975011726,GBPUSD,SELL,0.18,1.33433,1.33375,2026-03-13 08:06:01,2026-03-13 09:31:58,86.0,11.07,0.0,0.0,11.07,CLOSED,234000,From Django Serv
975148421,XAUUSD,SELL,0.07,5103.97,5103.6,2026-03-13 09:00:04,2026-03-13 09:06:00,5.9,2.25,0.0,0.0,2.25,CLOSED,234000,From Django Serv
975169746,XAUUSD,SELL,0.05,5106.13,5108.75,2026-03-13 09:08:23,2026-03-13 09:23:28,15.1,-11.39,0.0,0.0,-11.39,CLOSED,234000,From Django Serv
975212758,XAUUSD,SELL,0.05,5108.63,5106.93,2026-03-13 09:24:04,2026-03-13 09:30:36,6.5,7.39,0.0,0.0,7.39,CLOSED,234000,From Django Serv
975235053,XAUUSD,SELL,0.05,5106.65,5105.99,2026-03-13 09:31:05,2026-03-13 09:42:40,11.6,2.87,0.0,0.0,2.87,CLOSED,234000,From Django Serv
975245338,XAGUSD,SELL,0.06,84.193,84.181,2026-03-13 09:33:06,2026-03-13 09:35:22,2.3,3.13,0.0,0.0,3.13,CLOSED,234000,From Django Serv
975257025,XAGUSD,SELL,0.06,84.099,84.061,2026-03-13 09:36:05,2026-03-13 09:37:47,1.7,9.91,0.0,0.0,9.91,CLOSED,234000,From Django Serv
975269390,XAGUSD,SELL,0.06,83.865,84.093,2026-03-13 09:39:35,2026-03-13 09:41:11,1.6,-59.45,0.0,0.0,-59.45,CLOSED,234000,From Django Serv
975275313,XAGUSD,SELL,0.06,83.967,83.807,2026-03-13 09:41:41,2026-03-13 09:44:20,2.6,41.73,0.0,0.0,41.73,CLOSED,234000,From Django Serv
975288380,XAUUSD,SELL,0.05,5102.29,5101.49,2026-03-13 09:43:43,2026-03-13 09:45:20,1.6,3.48,0.0,0.0,3.48,CLOSED,234000,From Django Serv
975295624,XAGUSD,SELL,0.06,83.553,83.786,2026-03-13 09:44:49,2026-03-13 09:45:21,0.5,-60.77,0.0,0.0,-60.77,CLOSED,234000,From Django Serv
975301018,XAGUSD,SELL,0.06,83.686,83.671,2026-03-13 09:45:39,2026-03-13 09:46:03,0.4,3.91,0.0,0.0,3.91,CLOSED,234000,From Django Serv
975301174,XAUUSD,SELL,0.05,5100.47,5099.76,2026-03-13 09:45:41,2026-03-13 09:46:51,1.2,3.09,0.0,0.0,3.09,CLOSED,234000,From Django Serv
975308846,XAGUSD,SELL,0.06,83.573,83.77,2026-03-13 09:46:41,2026-03-13 09:46:49,0.1,-51.38,0.0,0.0,-51.38,CLOSED,234000,From Django Serv
975312820,XAGUSD,SELL,0.06,83.638,83.833,2026-03-13 09:47:38,2026-03-13 09:49:07,1.5,-50.85,0.0,0.0,-50.85,CLOSED,234000,From Django Serv
975312950,XAUUSD,SELL,0.05,5100.67,5099.99,2026-03-13 09:47:39,2026-03-13 09:54:28,6.8,2.96,0.0,0.0,2.96,CLOSED,234000,From Django Serv
975317848,GBPUSD,BUY,0.18,1.3335,1.3331,2026-03-13 09:48:40,2026-03-13 09:53:46,5.1,-6.26,0.0,0.0,-6.26,CLOSED,234000,From Django Serv
975321655,XAGUSD,SELL,0.06,83.755,83.648,2026-03-13 09:49:47,2026-03-13 09:52:26,2.6,27.9,0.0,0.0,27.9,CLOSED,234000,From Django Serv
975335010,XAGUSD,SELL,0.06,83.442,83.413,2026-03-13 09:52:36,2026-03-13 09:54:22,1.8,7.5600000000000005,0.0,0.0,7.56,CLOSED,234000,From Django Serv
975343423,XAGUSD,SELL,0.06,83.175,83.37,2026-03-13 09:54:44,2026-03-13 09:55:12,0.5,-50.87,0.0,0.0,-50.87,CLOSED,234000,From Django Serv
975343465,XAUUSD,SELL,0.05,5099.3,5104.38,2026-03-13 09:54:45,2026-03-13 09:58:06,3.4,-22.09,0.0,0.0,-22.09,CLOSED,234000,From Django Serv
975346158,XAGUSD,SELL,0.06,83.266,83.508,2026-03-13 09:55:37,2026-03-13 09:56:28,0.8,-63.13,0.0,0.0,-63.13,CLOSED,234000,From Django Serv
975349702,XAGUSD,SELL,0.06,83.362,83.576,2026-03-13 09:56:37,2026-03-13 09:57:54,1.3,-55.83,0.0,0.0,-55.83,CLOSED,234000,From Django Serv
975359884,XAGUSD,SELL,0.06,83.53,83.747,2026-03-13 09:58:37,2026-03-13 10:00:00,1.4,-56.61,0.0,0.0,-56.61,CLOSED,234000,From Django Serv
975359941,XAUUSD,SELL,0.05,5103.3,5102.71,2026-03-13 09:58:39,2026-03-13 10:01:59,3.3,2.56,0.0,0.0,2.56,CLOSED,234000,From Django Serv
975390448,XAUUSD,SELL,0.05,5105.89,5104.83,2026-03-13 10:05:34,2026-03-13 10:11:22,5.8,4.61,0.0,0.0,4.61,CLOSED,234000,From Django Serv
975390479,XAGUSD,SELL,0.06,83.692,83.886,2026-03-13 10:05:35,2026-03-13 10:07:44,2.1,-50.6,0.0,0.0,-50.6,CLOSED,234000,From Django Serv
975390666,USDCAD,BUY,0.24,1.3646099999999999,1.3647,2026-03-13 10:05:43,2026-03-13 10:22:44,17.0,1.38,0.0,0.0,1.38,CLOSED,234000,From Django Serv
975400266,XAGUSD,SELL,0.06,83.812,83.789,2026-03-13 10:08:33,2026-03-13 10:10:52,2.3,6.0,0.0,0.0,6.0,CLOSED,234000,From Django Serv
975410435,XAUUSD,SELL,0.06,5103.1,5106.94,2026-03-13 10:11:33,2026-03-13 10:13:06,1.6,-20.03,0.0,0.0,-20.03,CLOSED,234000,From Django Serv
975410475,XAGUSD,SELL,0.06,83.724,82.539,2026-03-13 10:11:34,2026-03-13 11:48:08,96.6,310.20000000000005,0.0,0.0,310.2,CLOSED,234000,From Django Serv
975416926,XAUUSD,SELL,0.06,5104.95,5079.53,2026-03-13 10:13:33,2026-03-13 11:18:51,65.3,132.93,0.0,0.0,132.93,CLOSED,234000,From Django Serv
975455045,XAGUSD,SELL,0.04,83.004,83.296,2026-03-13 10:22:22,2026-03-13 10:23:26,1.1,-50.79,0.0,0.0,-50.79,CLOSED,234000,Scale-in for tic
975460264,USDCAD,BUY,0.24,1.36483,1.36507,2026-03-13 10:23:38,2026-03-13 10:39:14,15.6,3.67,0.0,0.0,3.67,CLOSED,234000,From Django Serv
975566677,USDCAD,BUY,0.24,1.36528,1.36506,2026-03-13 10:39:42,2026-03-13 10:54:44,15.0,-3.37,0.0,0.0,-3.37,CLOSED,234000,From Django Serv
975636579,USDCAD,BUY,0.24,1.36513,1.36525,2026-03-13 10:55:48,2026-03-13 11:02:16,6.5,1.8399999999999999,0.0,0.0,1.84,CLOSED,234000,From Django Serv
975658861,USDJPY,SELL,0.24,159.442,159.41,2026-03-13 11:00:43,2026-03-13 11:05:09,4.4,4.2,0.0,0.0,4.2,CLOSED,234000,From Django Serv
975659285,EURUSD,SELL,0.6,1.14792,1.1478,2026-03-13 11:00:45,2026-03-13 11:09:33,8.8,6.27,0.0,0.0,6.27,CLOSED,234000,From Django Serv
975671876,USDCAD,BUY,0.45,1.36526,1.3657,2026-03-13 11:02:46,2026-03-13 11:30:15,27.5,12.64,0.0,0.0,12.64,CLOSED,234000,From Django Serv
975703893,EURUSD,SELL,0.6,1.14765,1.14761,2026-03-13 11:09:44,2026-03-13 11:14:00,4.3,2.09,0.0,0.0,2.09,CLOSED,234000,From Django Serv
975725009,EURUSD,SELL,0.6,1.14736,1.14736,2026-03-13 11:15:09,2026-03-13 11:17:50,2.7,0.0,0.0,0.0,0.0,CLOSED,234000,From Django Serv
975726792,GBPUSD,SELL,0.18,1.32949,1.32923,2026-03-13 11:15:16,2026-03-13 11:19:54,4.6,4.08,0.0,0.0,4.08,CLOSED,234000,From Django Serv
975753007,EURUSD,SELL,0.6,1.14726,1.14705,2026-03-13 11:18:44,2026-03-13 11:25:56,7.2,10.98,0.0,0.0,10.98,CLOSED,234000,From Django Serv
975770664,XAUUSD,SELL,0.18,5076.87,5077.3,2026-03-13 11:19:43,2026-03-13 11:19:46,0.1,-6.75,0.0,0.0,-6.75,CLOSED,234000,From Django Serv
975775906,XAGUSD,SELL,0.06,82.013,82.552,2026-03-13 11:20:33,2026-03-13 12:42:49,82.3,-141.27,0.0,0.0,-141.27,CLOSED,0,
975777047,GBPUSD,SELL,0.18,1.329,1.32887,2026-03-13 11:20:45,2026-03-13 11:24:47,4.0,2.04,0.0,0.0,2.04,CLOSED,234000,From Django Serv
975801907,XAUUSD,SELL,0.18,5073.11,5072.87,2026-03-13 11:23:43,2026-03-13 11:23:56,0.2,3.77,0.0,0.0,3.77,CLOSED,234000,From Django Serv
975812958,GBPUSD,SELL,0.18,1.3285,1.32926,2026-03-13 11:25:45,2026-03-13 11:40:47,15.0,-11.92,0.0,0.0,-11.92,CLOSED,234000,From Django Serv
975820411,EURUSD,SELL,0.6,1.1468,1.14723,2026-03-13 11:26:45,2026-03-13 11:41:46,15.0,-22.49,0.0,0.0,-22.49,CLOSED,234000,From Django Serv
975823717,XAUUSD,SELL,0.18,5081.01,5081.43,2026-03-13 11:27:43,2026-03-13 11:27:43,,-6.59,0.0,0.0,-6.59,CLOSED,234000,From Django Serv
975829327,XAUUSD,SELL,0.13,5082.07,5083.06,2026-03-13 11:28:43,2026-03-13 11:29:00,0.3,-11.22,0.0,0.0,-11.22,CLOSED,234000,From Django Serv
975836556,XAUUSD,SELL,0.09,5084.28,5086.4,2026-03-13 11:29:43,2026-03-13 11:30:27,0.7,-16.63,0.0,0.0,-16.63,CLOSED,234000,From Django Serv
975842660,USDCAD,BUY,0.6,1.36579,1.36599,2026-03-13 11:30:45,2026-03-13 11:41:58,11.2,7.66,0.0,0.0,7.66,CLOSED,234000,From Django Serv
975846781,XAUUSD,SELL,0.09,5085.5,5087.6,2026-03-13 11:31:43,2026-03-13 11:32:30,0.8,-16.48,0.0,0.0,-16.48,CLOSED,234000,From Django Serv
975857419,XAUUSD,SELL,0.09,5087.45,5089.59,2026-03-13 11:33:43,2026-03-13 11:34:39,0.9,-16.79,0.0,0.0,-16.79,CLOSED,234000,From Django Serv
975862580,EURGBP,BUY,0.6,0.86302,0.8626,2026-03-13 11:34:46,2026-03-13 11:49:46,15.0,-29.21,0.0,0.0,-29.21,CLOSED,234000,From Django Serv
975868258,XAUUSD,SELL,0.09,5091.06,5089.7,2026-03-13 11:35:43,2026-03-13 11:40:36,4.9,10.67,0.0,0.0,10.67,CLOSED,234000,From Django Serv
975880315,USDCAD,BUY,0.4,1.36639,1.36595,2026-03-13 11:38:36,2026-03-13 11:50:50,12.2,-11.25,0.0,0.0,-11.25,CLOSED,234000,Scale-in for tic
975890305,XAUUSD,SELL,0.09,5090.38,5092.46,2026-03-13 11:40:49,2026-03-13 11:42:38,1.8,-16.32,0.0,0.0,-16.32,CLOSED,234000,From Django Serv
975893375,GBPUSD,SELL,0.18,1.32911,1.32892,2026-03-13 11:41:48,2026-03-13 11:45:33,3.8,2.98,0.0,0.0,2.98,CLOSED,234000,From Django Serv
975896488,XAUUSD,SELL,0.09,5092.2,5090.83,2026-03-13 11:42:48,2026-03-13 11:46:20,3.5,10.75,0.0,0.0,10.75,CLOSED,234000,From Django Serv
975896767,EURUSD,SELL,0.6,1.14688,1.14678,2026-03-13 11:42:51,2026-03-13 11:44:45,1.9,5.23,0.0,0.0,5.23,CLOSED,234000,From Django Serv
975906402,EURUSD,SELL,0.6,1.14682,1.14394,2026-03-13 11:45:49,2026-03-13 12:11:27,25.6,104.57000000000001,0.0,0.0,104.57,CLOSED,234000,From Django Serv
975906433,GBPUSD,SELL,0.18,1.3287900000000001,1.3284799999999999,2026-03-13 11:45:49,2026-03-13 11:52:43,6.9,4.87,0.0,0.0,4.87,CLOSED,234000,From Django Serv
975910829,XAUUSD,SELL,0.09,5092.42,5080.9,2026-03-13 11:46:53,2026-03-13 12:37:53,51.0,108.69,0.0,0.0,108.69,CLOSED,234000,From Django Serv
975917576,EURUSD,SELL,0.4,1.1458599999999999,1.1457600000000001,2026-03-13 11:48:09,2026-03-13 11:50:15,2.1,3.49,0.0,0.0,3.49,CLOSED,234000,Scale-in for tic
975936488,USDCAD,BUY,0.6,1.36624,1.36635,2026-03-13 11:52:49,2026-03-13 11:58:49,6.0,4.22,0.0,0.0,4.22,CLOSED,234000,From Django Serv
975939481,GBPUSD,SELL,0.18,1.32815,1.32789,2026-03-13 11:53:49,2026-03-13 11:58:57,5.1,4.08,0.0,0.0,4.08,CLOSED,234000,From Django Serv
975973969,GBPUSD,SELL,0.18,1.3274599999999999,1.32737,2026-03-13 12:01:11,2026-03-13 12:03:33,2.4,1.41,0.0,0.0,1.41,CLOSED,234000,From Django Serv
975974090,USDCAD,BUY,0.6,1.36639,1.36638,2026-03-13 12:01:12,2026-03-13 12:02:41,1.5,-0.38,0.0,0.0,-0.38,CLOSED,234000,From Django Serv
975988800,USDJPY,SELL,0.24,159.426,159.416,2026-03-13 12:02:49,2026-03-13 12:09:35,6.8,1.32,0.0,0.0,1.32,CLOSED,234000,From Django Serv
975989035,USDCAD,BUY,0.6,1.36647,1.36657,2026-03-13 12:02:51,2026-03-13 12:05:41,2.8,3.83,0.0,0.0,3.83,CLOSED,234000,From Django Serv
976002372,GBPUSD,SELL,0.6,1.327,1.32703,2026-03-13 12:03:50,2026-03-13 12:04:53,1.1,-1.5699999999999998,0.0,0.0,-1.57,CLOSED,234000,From Django Serv
976018638,GBPUSD,SELL,0.6,1.32688,1.32677,2026-03-13 12:05:47,2026-03-13 12:13:35,7.8,5.77,0.0,0.0,5.77,CLOSED,234000,From Django Serv
976018699,USDCAD,BUY,0.6,1.3666800000000001,1.3663699999999999,2026-03-13 12:05:48,2026-03-13 12:20:48,15.0,-11.91,0.0,0.0,-11.91,CLOSED,234000,From Django Serv
976043719,USDJPY,SELL,0.24,159.387,159.445,2026-03-13 12:09:45,2026-03-13 12:12:32,2.8,-7.63,0.0,0.0,-7.63,CLOSED,234000,From Django Serv
976067735,USDJPY,SELL,0.44,159.432,159.5,2026-03-13 12:13:45,2026-03-13 12:21:52,8.1,-16.41,0.0,0.0,-16.41,CLOSED,234000,From Django Serv
976067904,GBPUSD,SELL,0.6,1.3266,1.32663,2026-03-13 12:13:49,2026-03-13 12:17:15,3.4,-1.5699999999999998,0.0,0.0,-1.57,CLOSED,234000,From Django Serv
976108671,USDCAD,BUY,0.6,1.36649,1.36655,2026-03-13 12:21:13,2026-03-13 12:22:14,1.0,2.3,0.0,0.0,2.3,CLOSED,234000,From Django Serv
976129877,USDJPY,SELL,0.24,159.49,159.468,2026-03-13 12:22:47,2026-03-13 12:25:06,2.3,2.89,0.0,0.0,2.89,CLOSED,234000,From Django Serv
976130290,USDCAD,BUY,0.6,1.3667,1.36647,2026-03-13 12:22:53,2026-03-13 12:23:15,0.4,-8.83,0.0,0.0,-8.83,CLOSED,234000,From Django Serv
976135287,USDCAD,BUY,0.6,1.36653,1.36656,2026-03-13 12:23:52,2026-03-13 12:28:37,4.8,1.15,0.0,0.0,1.15,CLOSED,234000,From Django Serv
976147274,USDJPY,SELL,0.54,159.492,159.521,2026-03-13 12:26:04,2026-03-13 12:27:29,1.4,-8.58,0.0,0.0,-8.58,CLOSED,234000,From Django Serv
976155607,USDJPY,SELL,0.36,159.521,159.473,2026-03-13 12:27:44,2026-03-13 12:41:25,13.7,9.47,0.0,0.0,9.47,CLOSED,234000,From Django Serv
976159353,USDCAD,BUY,0.6,1.3667099999999999,1.36684,2026-03-13 12:28:51,2026-03-13 12:49:08,20.3,4.99,0.0,0.0,4.99,CLOSED,234000,From Django Serv
976188126,USDJPY,SELL,0.24,159.392,159.455,2026-03-13 12:33:45,2026-03-13 12:48:47,15.0,-8.29,0.0,0.0,-8.29,CLOSED,234000,Scale-in for tic
976233489,XAUUSD,SELL,0.18,5082.46,5082.89,2026-03-13 12:41:47,2026-03-13 12:41:47,,-6.76,0.0,0.0,-6.76,CLOSED,234000,From Django Serv
976238846,XAUUSD,SELL,0.18,5078.96,5079.43,2026-03-13 12:42:49,2026-03-13 12:43:08,0.3,-7.39,0.0,0.0,-7.39,CLOSED,234000,From Django Serv
976250489,XAUUSD,SELL,0.18,5076.2,5076.66,2026-03-13 12:44:52,2026-03-13 12:44:56,0.1,-7.24,0.0,0.0,-7.24,CLOSED,234000,From Django Serv
976254603,EURUSD,SELL,0.6,1.1443,1.14419,2026-03-13 12:45:43,2026-03-13 12:48:52,3.1,5.77,0.0,0.0,5.77,CLOSED,234000,From Django Serv
976254940,XAUUSD,SELL,0.18,5076.35,5076.94,2026-03-13 12:45:47,2026-03-13 12:45:50,0.1,-9.28,0.0,0.0,-9.28,CLOSED,234000,From Django Serv
976258084,XAUUSD,SELL,0.13,5078.36,5077.63,2026-03-13 12:46:46,2026-03-13 12:48:07,1.4,8.29,0.0,0.0,8.29,CLOSED,234000,From Django Serv
976265413,XAUUSD,SELL,0.18,5078.24,5078.66,2026-03-13 12:48:46,2026-03-13 12:48:52,0.1,-6.61,0.0,0.0,-6.61,CLOSED,234000,From Django Serv
976269984,EURUSD,SELL,0.6,1.14424,1.14422,2026-03-13 12:49:43,2026-03-13 12:55:37,5.9,1.05,0.0,0.0,1.05,CLOSED,234000,From Django Serv
976270166,USDJPY,SELL,0.6,159.381,159.365,2026-03-13 12:49:45,2026-03-13 12:58:16,8.5,5.26,0.0,0.0,5.26,CLOSED,234000,From Django Serv
976270370,USDCAD,BUY,0.6,1.36687,1.3666,2026-03-13 12:49:47,2026-03-13 12:50:14,0.5,-10.36,0.0,0.0,-10.36,CLOSED,234000,From Django Serv
976279549,USDCAD,BUY,0.45,1.36665,1.36608,2026-03-13 12:50:45,2026-03-13 13:02:59,12.2,-16.4,0.0,0.0,-16.4,CLOSED,234000,From Django Serv
976295896,XAUUSD,SELL,0.18,5083.63,5084.08,2026-03-13 12:53:47,2026-03-13 12:53:51,0.1,-7.08,0.0,0.0,-7.08,CLOSED,234000,From Django Serv
976298973,XAUUSD,SELL,0.18,5082.17,5082.74,2026-03-13 12:54:46,2026-03-13 12:55:14,0.5,-8.97,0.0,0.0,-8.97,CLOSED,234000,From Django Serv
976302516,EURUSD,SELL,0.6,1.1441,1.1451500000000001,2026-03-13 12:55:43,2026-03-13 13:02:57,7.2,-55.01,0.0,0.0,-55.01,CLOSED,234000,From Django Serv
976302667,XAUUSD,SELL,0.18,5082.67,5083.11,2026-03-13 12:55:47,2026-03-13 12:55:51,0.1,-6.92,0.0,0.0,-6.92,CLOSED,234000,From Django Serv
976310743,XAUUSD,SELL,0.17,5085.24,5086.19,2026-03-13 12:57:46,2026-03-13 12:58:22,0.6,-14.11,0.0,0.0,-14.11,CLOSED,234000,From Django Serv
976314108,USDJPY,SELL,0.6,159.343,159.37,2026-03-13 12:58:44,2026-03-13 12:58:51,0.1,-8.88,0.0,0.0,-8.88,CLOSED,234000,From Django Serv
976319134,USDJPY,SELL,0.6,159.33,159.369,2026-03-13 12:59:47,2026-03-13 13:16:27,16.7,-12.82,0.0,0.0,-12.82,CLOSED,234000,From Django Serv
976319257,XAUUSD,SELL,0.17,5087.01,5087.43,2026-03-13 12:59:49,2026-03-13 12:59:49,,-6.24,0.0,0.0,-6.24,CLOSED,234000,From Django Serv
976327976,XAUUSD,BUY,0.05,5088.41,5084.31,2026-03-13 13:00:45,2026-03-13 13:24:25,23.7,-17.9,0.0,0.0,-17.9,CLOSED,234000,From Django Serv
976347448,EURUSD,SELL,0.44,1.14526,1.14567,2026-03-13 13:03:45,2026-03-13 13:05:03,1.3,-15.75,0.0,0.0,-15.75,CLOSED,234000,From Django Serv
976347659,USDCAD,BUY,0.24,1.36618,1.36652,2026-03-13 13:03:49,2026-03-13 14:02:56,59.1,5.21,0.0,0.0,5.21,CLOSED,234000,From Django Serv
976413738,USDJPY,SELL,0.6,159.346,159.374,2026-03-13 13:16:44,2026-03-13 13:28:32,11.8,-9.2,0.0,0.0,-9.2,CLOSED,234000,From Django Serv
976448887,XAUUSD,BUY,0.05,5085.38,5087.4,2026-03-13 13:24:50,2026-03-13 14:01:07,36.3,8.82,0.0,0.0,8.82,CLOSED,234000,From Django Serv
976463491,USDJPY,SELL,0.27,159.381,159.445,2026-03-13 13:28:45,2026-03-13 13:44:19,15.6,-9.46,0.0,0.0,-9.46,CLOSED,234000,From Django Serv
976527508,USDJPY,SELL,0.24,159.432,159.435,2026-03-13 13:44:45,2026-03-13 14:03:03,18.3,-0.39,0.0,0.0,-0.39,CLOSED,234000,From Django Serv
976598779,EURGBP,BUY,0.49,0.86369,0.86372,2026-03-13 14:00:44,2026-03-13 14:05:01,4.3,1.7,0.0,0.0,1.7,CLOSED,234000,From Django Serv
976598984,AUDUSD,SELL,0.43,0.70358,0.70411,2026-03-13 14:00:45,2026-03-13 14:02:56,2.2,-19.89,0.0,0.0,-19.89,CLOSED,234000,From Django Serv
976605268,XAUUSD,BUY,0.06,5086.31,5086.94,2026-03-13 14:01:48,2026-03-13 14:04:35,2.8,3.3,0.0,0.0,3.3,CLOSED,234000,From Django Serv
976612114,USDJPY,SELL,0.24,159.419,159.47,2026-03-13 14:03:44,2026-03-13 14:18:45,15.0,-6.7,0.0,0.0,-6.7,CLOSED,234000,From Django Serv
976612125,AUDUSD,SELL,0.43,0.70385,0.70439,2026-03-13 14:03:45,2026-03-13 14:11:18,7.5,-20.25,0.0,0.0,-20.25,CLOSED,234000,From Django Serv
976612298,USDCAD,BUY,0.24,1.36667,1.36703,2026-03-13 14:03:48,2026-03-13 15:27:32,83.7,5.51,0.0,0.0,5.51,CLOSED,234000,From Django Serv
976621603,EURGBP,BUY,0.49,0.8638,0.86391,2026-03-13 14:05:43,2026-03-13 14:30:51,25.1,6.24,0.0,0.0,6.24,CLOSED,234000,From Django Serv
976621762,XAUUSD,BUY,0.06,5090.5,5087.2,2026-03-13 14:05:45,2026-03-13 14:09:54,4.2,-17.27,0.0,0.0,-17.27,CLOSED,234000,From Django Serv
976635805,XAUUSD,BUY,0.06,5089.68,5089.8,2026-03-13 14:10:46,2026-03-13 14:12:57,2.2,0.63,0.0,0.0,0.63,CLOSED,234000,From Django Serv
976640005,AUDUSD,SELL,0.43,0.70416,0.7041,2026-03-13 14:11:44,2026-03-13 14:19:59,8.2,2.25,0.0,0.0,2.25,CLOSED,234000,From Django Serv
976648798,XAUUSD,BUY,0.06,5092.57,5093.57,2026-03-13 14:13:45,2026-03-13 14:18:47,5.0,5.24,0.0,0.0,5.24,CLOSED,234000,From Django Serv
976676635,XAUUSD,BUY,0.06,5092.97,5092.89,2026-03-13 14:19:48,2026-03-13 14:20:43,0.9,-0.42,0.0,0.0,-0.42,CLOSED,234000,From Django Serv
976681153,USDJPY,SELL,0.24,159.46,159.461,2026-03-13 14:20:44,2026-03-13 14:35:49,15.1,-0.13,0.0,0.0,-0.13,CLOSED,234000,From Django Serv
976681308,AUDUSD,SELL,0.43,0.70396,0.70381,2026-03-13 14:20:48,2026-03-13 14:29:22,8.6,5.63,0.0,0.0,5.63,CLOSED,234000,From Django Serv
976685321,XAUUSD,BUY,0.06,5092.41,5092.6,2026-03-13 14:21:45,2026-03-13 14:23:29,1.7,0.99,0.0,0.0,0.99,CLOSED,234000,From Django Serv
976693031,XAUUSD,BUY,0.06,5092.02,5092.01,2026-03-13 14:23:44,2026-03-13 14:25:25,1.7,-0.05,0.0,0.0,-0.05,CLOSED,234000,From Django Serv
976697898,XAUUSD,BUY,0.06,5092.54,5088.71,2026-03-13 14:25:44,2026-03-13 14:30:07,4.4,-20.06,0.0,0.0,-20.06,CLOSED,234000,From Django Serv
976711212,AUDUSD,SELL,0.43,0.70364,0.70387,2026-03-13 14:30:08,2026-03-13 14:45:09,15.0,-8.63,0.0,0.0,-8.63,CLOSED,234000,From Django Serv
976711528,XAGUSD,SELL,0.06,82.83,82.829,2026-03-13 14:30:12,2026-03-13 14:33:37,3.4,0.26,0.0,0.0,0.26,CLOSED,234000,From Django Serv
976716634,XAUUSD,BUY,0.06,5086.56,5082.84,2026-03-13 14:30:46,2026-03-13 14:33:26,2.7,-19.49,0.0,0.0,-19.49,CLOSED,234000,From Django Serv
976723257,EURGBP,BUY,0.49,0.86404,0.86406,2026-03-13 14:32:44,2026-03-13 14:35:37,2.9,1.13,0.0,0.0,1.13,CLOSED,234000,From Django Serv
976736280,XAUUSD,BUY,0.06,5082.42,5082.59,2026-03-13 14:33:45,2026-03-13 14:35:14,1.5,0.89,0.0,0.0,0.89,CLOSED,234000,From Django Serv
976746591,XAUUSD,SELL,0.12,5083.16,5084.38,2026-03-13 14:35:49,2026-03-13 14:36:28,0.7,-12.78,0.0,0.0,-12.78,CLOSED,234000,From Django Serv
976748182,EURGBP,BUY,0.37,0.86416,0.86418,2026-03-13 14:36:14,2026-03-13 14:49:03,12.8,0.86,0.0,0.0,0.86,CLOSED,234000,From Django Serv
976748305,USDJPY,SELL,0.24,159.457,159.414,2026-03-13 14:36:16,2026-03-13 14:54:09,17.9,5.65,0.0,0.0,5.65,CLOSED,234000,From Django Serv
976750210,XAUUSD,BUY,0.05,5085.07,5084.96,2026-03-13 14:36:50,2026-03-13 14:39:11,2.4,-0.48,0.0,0.0,-0.48,CLOSED,234000,From Django Serv
976765223,XAUUSD,BUY,0.05,5088.54,5090.23,2026-03-13 14:40:15,2026-03-13 15:07:49,27.6,7.37,0.0,0.0,7.37,CLOSED,234000,From Django Serv
976783135,AUDUSD,SELL,0.34,0.70357,0.70426,2026-03-13 14:45:45,2026-03-13 14:48:11,2.4,-20.46,0.0,0.0,-20.46,CLOSED,234000,From Django Serv
976802853,AUDUSD,SELL,0.34,0.70443,0.70419,2026-03-13 14:48:45,2026-03-13 15:00:44,12.0,7.12,0.0,0.0,7.12,CLOSED,234000,From Django Serv
976809484,EURGBP,BUY,0.49,0.86423,0.86425,2026-03-13 14:49:44,2026-03-13 15:01:01,11.3,1.13,0.0,0.0,1.13,CLOSED,234000,From Django Serv
976836752,USDJPY,SELL,0.24,159.405,159.387,2026-03-13 14:54:44,2026-03-13 15:01:52,7.1,2.36,0.0,0.0,2.36,CLOSED,234000,From Django Serv
976857935,AUDUSD,SELL,0.34,0.70405,0.70475,2026-03-13 15:00:47,2026-03-13 15:06:30,5.7,-20.75,0.0,0.0,-20.75,CLOSED,234000,From Django Serv
976863263,EURGBP,BUY,0.49,0.8643,0.86459,2026-03-13 15:01:44,2026-03-13 15:34:07,32.4,23.02,0.0,0.0,23.02,CLOSED,234000,From Django Serv
976867813,USDJPY,SELL,0.24,159.37,159.363,2026-03-13 15:02:44,2026-03-13 15:06:57,4.2,0.92,0.0,0.0,0.92,CLOSED,234000,From Django Serv
976883440,AUDUSD,SELL,0.43,0.70461,0.70409,2026-03-13 15:06:44,2026-03-13 15:18:48,12.1,28.36,0.0,0.0,28.36,CLOSED,234000,From Django Serv
976886167,USDJPY,SELL,0.24,159.344,159.448,2026-03-13 15:07:44,2026-03-13 15:15:19,7.6,-13.66,0.0,0.0,-13.66,CLOSED,234000,From Django Serv
976895602,XAUUSD,BUY,0.12,5089.37,5088.09,2026-03-13 15:08:45,2026-03-13 15:09:06,0.3,-13.4,0.0,0.0,-13.4,CLOSED,234000,From Django Serv
976901043,XAUUSD,BUY,0.09,5088.85,5086.74,2026-03-13 15:09:48,2026-03-13 15:10:56,1.1,-16.57,0.0,0.0,-16.57,CLOSED,234000,From Django Serv
976912124,XAUUSD,BUY,0.06,5087.2,5118.04,2026-03-13 15:11:45,2026-03-13 16:57:25,105.7,158.09,0.0,0.0,158.09,CLOSED,234000,From Django Serv
976926904,USDJPY,SELL,0.24,159.42,159.436,2026-03-13 15:15:46,2026-03-13 15:30:48,15.0,-2.1,0.0,0.0,-2.1,CLOSED,234000,From Django Serv
976944653,AUDUSD,SELL,0.43,0.70396,0.70448,2026-03-13 15:19:44,2026-03-13 15:26:33,6.8,-19.49,0.0,0.0,-19.49,CLOSED,234000,From Django Serv
976969528,AUDUSD,SELL,0.43,0.70429,0.70425,2026-03-13 15:27:44,2026-03-13 15:31:14,3.5,1.5,0.0,0.0,1.5,CLOSED,234000,From Django Serv
976969805,USDCAD,BUY,0.24,1.36715,1.3673,2026-03-13 15:27:48,2026-03-13 15:41:01,13.2,2.3,0.0,0.0,2.3,CLOSED,234000,From Django Serv
976979503,NZDUSD,SELL,0.41,0.58264,0.58309,2026-03-13 15:30:43,2026-03-13 15:45:44,15.0,-16.09,0.0,0.0,-16.09,CLOSED,234000,From Django Serv
976983884,AUDUSD,SELL,0.6,0.70426,0.70454,2026-03-13 15:31:43,2026-03-13 15:32:55,1.2,-14.65,0.0,0.0,-14.65,CLOSED,234000,From Django Serv
976983931,USDJPY,SELL,0.24,159.409,159.366,2026-03-13 15:31:45,2026-03-13 16:07:33,35.8,5.65,0.0,0.0,5.65,CLOSED,234000,From Django Serv
976989645,AUDUSD,SELL,0.6,0.70442,0.70439,2026-03-13 15:33:43,2026-03-13 15:36:00,2.3,1.5699999999999998,0.0,0.0,1.57,CLOSED,234000,From Django Serv
976992394,EURGBP,BUY,0.49,0.86454,0.86456,2026-03-13 15:34:53,2026-03-13 15:44:14,9.3,1.13,0.0,0.0,1.13,CLOSED,234000,From Django Serv
976998362,AUDUSD,SELL,0.34,0.70423,0.70422,2026-03-13 15:36:44,2026-03-13 15:40:50,4.1,0.3,0.0,0.0,0.3,CLOSED,234000,From Django Serv
977013676,AUDUSD,SELL,0.6,0.70423,0.70421,2026-03-13 15:41:45,2026-03-13 15:42:50,1.1,1.05,0.0,0.0,1.05,CLOSED,234000,From Django Serv
977014142,USDCAD,BUY,0.24,1.36745,1.36657,2026-03-13 15:41:49,2026-03-13 15:56:50,15.0,-13.47,0.0,0.0,-13.47,CLOSED,234000,From Django Serv
977018642,AUDUSD,SELL,0.6,0.7041,0.70435,2026-03-13 15:43:43,2026-03-13 15:44:24,0.7,-13.08,0.0,0.0,-13.08,CLOSED,234000,From Django Serv
977021916,AUDUSD,SELL,0.43,0.70444,0.70498,2026-03-13 15:44:52,2026-03-13 15:59:53,15.0,-20.25,0.0,0.0,-20.25,CLOSED,234000,From Django Serv
977022087,EURGBP,BUY,0.49,0.86481,0.86497,2026-03-13 15:44:59,2026-03-13 16:01:48,16.8,9.06,0.0,0.0,9.06,CLOSED,234000,From Django Serv
977027131,USDCHF,SELL,0.45,0.78714,0.78712,2026-03-13 15:45:43,2026-03-13 15:52:20,6.6,1.0,0.0,0.0,1.0,CLOSED,234000,From Django Serv
977031399,NZDUSD,SELL,0.41,0.58287,0.58324,2026-03-13 15:46:44,2026-03-13 16:01:45,15.0,-13.23,0.0,0.0,-13.23,CLOSED,234000,From Django Serv
977053545,USDCHF,SELL,0.6,0.78712,0.78731,2026-03-13 15:52:45,2026-03-13 15:53:58,1.2,-12.63,0.0,0.0,-12.63,CLOSED,234000,From Django Serv
977058121,USDCHF,SELL,0.6,0.78711,0.7873,2026-03-13 15:54:44,2026-03-13 15:54:46,0.0,-12.63,0.0,0.0,-12.63,CLOSED,234000,From Django Serv
977061689,USDCHF,SELL,0.45,0.7871,0.7874,2026-03-13 15:55:43,2026-03-13 15:56:52,1.1,-14.95,0.0,0.0,-14.95,CLOSED,234000,From Django Serv
977078937,USDCHF,SELL,0.24,0.78705,0.78787,2026-03-13 15:57:54,2026-03-13 16:12:54,15.0,-21.79,0.0,0.0,-21.79,CLOSED,234000,From Django Serv
977079359,USDCAD,BUY,0.24,1.36669,1.36682,2026-03-13 15:57:57,2026-03-13 16:09:07,11.2,1.99,0.0,0.0,1.99,CLOSED,234000,From Django Serv
977109635,AUDUSD,SELL,0.6,0.7049,0.70521,2026-03-13 16:00:50,2026-03-13 16:01:47,0.9,-16.22,0.0,0.0,-16.22,CLOSED,234000,From Django Serv
977125095,AUDUSD,SELL,0.6,0.70507,0.70481,2026-03-13 16:01:53,2026-03-13 16:15:21,13.5,13.61,0.0,0.0,13.61,CLOSED,234000,From Django Serv
977135056,NZDUSD,SELL,0.52,0.58312,0.58292,2026-03-13 16:02:50,2026-03-13 16:15:23,12.6,9.07,0.0,0.0,9.07,CLOSED,234000,From Django Serv
977135098,EURGBP,BUY,0.6,0.86524,0.86475,2026-03-13 16:02:51,2026-03-13 16:17:53,15.0,-34.0,0.0,0.0,-34.0,CLOSED,234000,From Django Serv
977161652,USDJPY,SELL,0.6,159.334,159.39,2026-03-13 16:07:50,2026-03-13 16:22:51,15.0,-18.39,0.0,0.0,-18.39,CLOSED,234000,From Django Serv
977174673,USDCAD,BUY,0.45,1.36688,1.36632,2026-03-13 16:09:53,2026-03-13 16:14:54,5.0,-16.09,0.0,0.0,-16.09,CLOSED,234000,From Django Serv
977194053,USDCHF,SELL,0.6,0.78765,0.78745,2026-03-13 16:13:50,2026-03-13 16:29:24,15.6,13.29,0.0,0.0,13.29,CLOSED,234000,From Django Serv
977203708,AUDUSD,SELL,0.6,0.70458,0.70515,2026-03-13 16:16:00,2026-03-13 16:31:01,15.0,-29.81,0.0,0.0,-29.81,CLOSED,234000,From Django Serv
977204033,USDCAD,BUY,0.45,1.36645,1.36589,2026-03-13 16:16:01,2026-03-13 16:22:46,6.8,-16.09,0.0,0.0,-16.09,CLOSED,234000,From Django Serv
977213342,NZDUSD,SELL,0.6,0.58287,0.58287,2026-03-13 16:17:51,2026-03-13 16:20:43,2.9,0.0,0.0,0.0,0.0,CLOSED,234000,From Django Serv
977217269,EURGBP,BUY,0.6,0.86483,0.86485,2026-03-13 16:18:50,2026-03-13 16:26:39,7.8,1.3900000000000001,0.0,0.0,1.39,CLOSED,234000,From Django Serv
977228390,NZDUSD,SELL,0.6,0.58272,0.58327,2026-03-13 16:20:51,2026-03-13 16:35:53,15.0,-28.76,0.0,0.0,-28.76,CLOSED,234000,From Django Serv
977243930,USDJPY,SELL,0.36,159.371,159.363,2026-03-13 16:22:53,2026-03-13 16:30:37,7.7,1.58,0.0,0.0,1.58,CLOSED,234000,From Django Serv
977244595,USDCAD,BUY,0.24,1.36604,1.3666800000000001,2026-03-13 16:22:56,2026-03-13 16:30:06,7.2,9.8,0.0,0.0,9.8,CLOSED,234000,From Django Serv
977265712,EURGBP,BUY,0.6,0.86492,0.86458,2026-03-13 16:26:50,2026-03-13 16:41:51,15.0,-23.6,0.0,0.0,-23.6,CLOSED,234000,From Django Serv
977277778,USDCHF,SELL,0.6,0.78726,0.78746,2026-03-13 16:29:51,2026-03-13 16:30:01,0.2,-13.29,0.0,0.0,-13.29,CLOSED,234000,From Django Serv
977285141,USDJPY,SELL,0.6,159.315,159.277,2026-03-13 16:30:51,2026-03-13 16:49:05,18.2,12.47,0.0,0.0,12.47,CLOSED,234000,From Django Serv
977285191,USDCHF,SELL,0.6,0.78709,0.7873,2026-03-13 16:30:52,2026-03-13 16:31:00,0.1,-13.95,0.0,0.0,-13.95,CLOSED,234000,From Django Serv
977285459,USDCAD,BUY,0.6,1.36815,1.3678,2026-03-13 16:30:56,2026-03-13 16:31:02,0.1,-13.38,0.0,0.0,-13.38,CLOSED,234000,From Django Serv
977291330,AUDUSD,SELL,0.6,0.7049,0.705,2026-03-13 16:31:50,2026-03-13 16:32:45,0.9,-5.23,0.0,0.0,-5.23,CLOSED,234000,From Django Serv
977291505,USDCHF,SELL,0.24,0.78711,0.78707,2026-03-13 16:31:52,2026-03-13 16:36:05,4.2,1.06,0.0,0.0,1.06,CLOSED,234000,From Django Serv
977291700,USDCAD,BUY,0.24,1.36823,1.36875,2026-03-13 16:31:56,2026-03-13 16:33:52,1.9,7.95,0.0,0.0,7.95,CLOSED,234000,From Django Serv
977295595,AUDUSD,SELL,0.6,0.70479,0.70478,2026-03-13 16:32:50,2026-03-13 16:33:33,0.7,0.52,0.0,0.0,0.52,CLOSED,234000,From Django Serv
977300448,AUDUSD,SELL,0.6,0.70474,0.70576,2026-03-13 16:33:50,2026-03-13 16:45:13,11.4,-53.31,0.0,0.0,-53.31,CLOSED,234000,From Django Serv
977304969,USDCAD,BUY,0.45,1.36906,1.36924,2026-03-13 16:34:54,2026-03-13 16:35:32,0.6,5.16,0.0,0.0,5.16,CLOSED,234000,From Django Serv
977309244,USDCAD,BUY,0.45,1.3691900000000001,1.36932,2026-03-13 16:35:52,2026-03-13 16:36:53,1.0,3.7199999999999998,0.0,0.0,3.72,CLOSED,234000,From Django Serv
977313360,NZDUSD,SELL,0.52,0.58294,0.58335,2026-03-13 16:36:50,2026-03-13 16:39:53,3.0,-18.58,0.0,0.0,-18.58,CLOSED,234000,From Django Serv
977313420,USDCHF,SELL,0.6,0.78699,0.78719,2026-03-13 16:36:52,2026-03-13 16:37:45,0.9,-13.29,0.0,0.0,-13.29,CLOSED,234000,From Django Serv
977317905,USDCAD,BUY,0.45,1.3695,1.36958,2026-03-13 16:37:55,2026-03-13 16:46:18,8.4,2.29,0.0,0.0,2.29,CLOSED,234000,From Django Serv
977322019,USDCHF,SELL,0.6,0.78684,0.78711,2026-03-13 16:38:58,2026-03-13 16:40:06,1.1,-17.94,0.0,0.0,-17.94,CLOSED,234000,From Django Serv
977334711,NZDUSD,SELL,0.52,0.58312,0.58351,2026-03-13 16:41:10,2026-03-13 16:45:07,4.0,-17.67,0.0,0.0,-17.67,CLOSED,234000,From Django Serv
977334775,USDCHF,SELL,0.6,0.78702,0.78722,2026-03-13 16:41:12,2026-03-13 16:41:33,0.3,-13.29,0.0,0.0,-13.29,CLOSED,234000,From Django Serv
977337080,USDCHF,SELL,0.45,0.787,0.7867,2026-03-13 16:41:51,2026-03-13 16:49:05,7.2,14.95,0.0,0.0,14.95,CLOSED,234000,From Django Serv
977342122,EURGBP,BUY,0.55,0.86476,0.86478,2026-03-13 16:42:51,2026-03-13 16:48:53,6.0,1.27,0.0,0.0,1.27,CLOSED,234000,From Django Serv
977374175,AUDUSD,SELL,0.34,0.70583,0.70559,2026-03-13 16:46:09,2026-03-13 16:54:47,8.6,7.11,0.0,0.0,7.11,CLOSED,234000,From Django Serv
977374634,NZDUSD,SELL,0.41,0.58373,0.58377,2026-03-13 16:46:10,2026-03-13 16:50:52,4.7,-1.43,0.0,0.0,-1.43,CLOSED,234000,From Django Serv
977381937,USDCAD,BUY,0.6,1.36965,1.36925,2026-03-13 16:46:55,2026-03-13 16:47:33,0.6,-15.26,0.0,0.0,-15.26,CLOSED,234000,From Django Serv
977388175,USDCAD,BUY,0.6,1.3695,1.3693,2026-03-13 16:47:54,2026-03-13 16:47:59,0.1,-7.63,0.0,0.0,-7.63,CLOSED,234000,From Django Serv
977392618,USDCAD,BUY,0.42,1.36961,1.36981,2026-03-13 16:48:52,2026-03-13 16:54:50,6.0,5.34,0.0,0.0,5.34,CLOSED,234000,From Django Serv
977401459,EURGBP,BUY,0.6,0.86491,0.86491,2026-03-13 16:50:06,2026-03-13 16:55:13,5.1,0.0,0.0,0.0,0.0,CLOSED,234000,From Django Serv
977402987,USDJPY,SELL,0.6,159.27,159.358,2026-03-13 16:50:22,2026-03-13 17:05:23,15.0,-28.87,0.0,0.0,-28.87,CLOSED,234000,From Django Serv
977403722,USDCHF,SELL,0.6,0.78657,0.78731,2026-03-13 16:50:32,2026-03-13 17:05:21,14.8,-49.14,0.0,0.0,-49.14,CLOSED,234000,From Django Serv
977410280,NZDUSD,SELL,0.52,0.58341,0.58339,2026-03-13 16:51:52,2026-03-13 17:02:41,10.8,0.91,0.0,0.0,0.91,CLOSED,234000,From Django Serv
977430459,AUDUSD,SELL,0.6,0.70556,0.70563,2026-03-13 16:55:29,2026-03-13 16:58:59,3.5,-3.66,0.0,0.0,-3.66,CLOSED,234000,From Django Serv
977433590,EURGBP,BUY,0.37,0.86508,0.86503,2026-03-13 16:56:07,2026-03-13 17:11:09,15.0,-2.14,0.0,0.0,-2.14,CLOSED,234000,From Django Serv
977433638,USDCAD,BUY,0.24,1.36991,1.36995,2026-03-13 16:56:08,2026-03-13 16:59:01,2.9,0.61,0.0,0.0,0.61,CLOSED,234000,From Django Serv
977440586,XAUUSD,BUY,0.23,5117.57,5117.37,2026-03-13 16:57:51,2026-03-13 16:59:19,1.5,-4.01,0.0,0.0,-4.01,CLOSED,234000,From Django Serv
977450190,AUDUSD,SELL,0.6,0.70562,0.70579,2026-03-13 17:00:03,2026-03-13 17:00:03,,-8.88,0.0,0.0,-8.88,CLOSED,234000,From Django Serv
977455284,EURUSD,BUY,0.6,1.14806,1.1481,2026-03-13 17:00:33,2026-03-13 17:01:51,1.3,2.09,0.0,0.0,2.09,CLOSED,234000,From Django Serv
977455900,USDCAD,BUY,0.3,1.37046,1.37086,2026-03-13 17:00:42,2026-03-13 17:05:34,4.9,7.63,0.0,0.0,7.63,CLOSED,234000,From Django Serv
977458544,AUDUSD,SELL,0.6,0.70535,0.70549,2026-03-13 17:01:03,2026-03-13 17:01:03,,-7.32,0.0,0.0,-7.32,CLOSED,234000,From Django Serv
977464220,AUDUSD,SELL,0.6,0.70501,0.70519,2026-03-13 17:01:51,2026-03-13 17:01:53,0.0,-9.41,0.0,0.0,-9.41,CLOSED,234000,From Django Serv
977470972,AUDUSD,SELL,0.34,0.70478,0.70478,2026-03-13 17:02:57,2026-03-13 17:04:01,1.1,0.0,0.0,0.0,0.0,CLOSED,234000,From Django Serv
977471054,EURUSD,BUY,0.6,1.14812,1.14817,2026-03-13 17:02:59,2026-03-13 17:14:20,11.3,2.61,0.0,0.0,2.61,CLOSED,234000,From Django Serv
977475660,NZDUSD,SELL,0.52,0.58323,0.58317,2026-03-13 17:03:50,2026-03-13 17:03:58,0.1,2.7199999999999998,0.0,0.0,2.72,CLOSED,234000,From Django Serv
977486630,AUDUSD,SELL,0.34,0.70468,0.70439,2026-03-13 17:05:00,2026-03-13 17:11:48,6.8,8.59,0.0,0.0,8.59,CLOSED,234000,From Django Serv
977487127,NZDUSD,SELL,0.41,0.58302,0.58288,2026-03-13 17:05:06,2026-03-13 17:11:37,6.5,5.0,0.0,0.0,5.0,CLOSED,234000,From Django Serv
977490631,USDCHF,SELL,0.36,0.78714,0.78712,2026-03-13 17:05:51,2026-03-13 17:13:51,8.0,0.8,0.0,0.0,0.8,CLOSED,234000,From Django Serv
977490822,USDCAD,BUY,0.45,1.37082,1.3702,2026-03-13 17:05:53,2026-03-13 17:07:53,2.0,-17.74,0.0,0.0,-17.74,CLOSED,234000,From Django Serv
977494548,USDJPY,SELL,0.6,159.315,159.299,2026-03-13 17:06:50,2026-03-13 17:13:33,6.7,5.25,0.0,0.0,5.25,CLOSED,234000,From Django Serv
977505065,USDCAD,BUY,0.45,1.37038,1.37042,2026-03-13 17:08:52,2026-03-13 17:10:27,1.6,1.1400000000000001,0.0,0.0,1.14,CLOSED,234000,From Django Serv
977521671,USDCAD,BUY,0.45,1.37062,1.37006,2026-03-13 17:10:52,2026-03-13 17:14:22,3.5,-16.02,0.0,0.0,-16.02,CLOSED,234000,From Django Serv
977529668,NZDUSD,SELL,0.41,0.58282,0.58336,2026-03-13 17:11:51,2026-03-13 17:30:25,18.6,-19.28,0.0,0.0,-19.28,CLOSED,234000,From Django Serv
977536375,AUDUSD,SELL,0.34,0.70446,0.70436,2026-03-13 17:12:52,2026-03-13 17:17:07,4.2,2.96,0.0,0.0,2.96,CLOSED,234000,From Django Serv
977541064,USDJPY,SELL,0.6,159.285,159.133,2026-03-13 17:13:54,2026-03-13 18:00:04,46.2,50.71,0.0,0.0,50.71,CLOSED,234000,From Django Serv
977546015,USDCHF,SELL,0.6,0.78691,0.78674,2026-03-13 17:14:51,2026-03-13 17:57:23,42.5,11.29,0.0,0.0,11.29,CLOSED,234000,From Django Serv
977546101,USDCAD,BUY,0.3,1.37011,1.37027,2026-03-13 17:14:54,2026-03-13 17:19:40,4.8,3.05,0.0,0.0,3.05,CLOSED,234000,From Django Serv
977546155,EURUSD,BUY,0.6,1.1482999999999999,1.14831,2026-03-13 17:14:54,2026-03-13 17:38:31,23.6,0.52,0.0,0.0,0.52,CLOSED,234000,From Django Serv
977562603,AUDUSD,SELL,0.34,0.70424,0.70486,2026-03-13 17:17:58,2026-03-13 17:30:25,12.4,-18.36,0.0,0.0,-18.36,CLOSED,234000,From Django Serv
977616082,AUDUSD,SELL,0.34,0.70425,0.70486,2026-03-13 17:28:45,2026-03-13 17:30:25,1.7,-18.06,0.0,0.0,-18.06,CLOSED,0,
977616232,AUDUSD,SELL,0.34,0.70427,0.70486,2026-03-13 17:28:51,2026-03-13 17:30:25,1.6,-17.47,0.0,0.0,-17.47,CLOSED,0,
977618521,AUDUSD,SELL,0.34,0.70426,0.70486,2026-03-13 17:29:19,2026-03-13 17:30:25,1.1,-17.77,0.0,0.0,-17.77,CLOSED,0,
977713618,GBPUSD,SELL,0.24,1.32754,1.32837,2026-03-13 17:38:37,2026-03-13 17:42:11,3.6,-17.34,0.0,0.0,-17.34,CLOSED,234000,From Django Serv
977713729,AUDUSD,SELL,0.34,0.70427,0.70504,2026-03-13 17:38:39,2026-03-13 17:42:11,3.5,-22.79,0.0,0.0,-22.79,CLOSED,234000,From Django Serv
977713767,NZDUSD,SELL,0.41,0.58308,0.58364,2026-03-13 17:38:40,2026-03-13 17:42:11,3.5,-19.98,0.0,0.0,-19.98,CLOSED,234000,From Django Serv
977713834,EURUSD,BUY,0.6,1.14852,1.14853,2026-03-13 17:38:41,2026-03-13 17:39:01,0.3,0.52,0.0,0.0,0.52,CLOSED,234000,From Django Serv
977713933,USDCAD,BUY,0.24,1.36967,1.36873,2026-03-13 17:38:42,2026-03-13 17:53:43,15.0,-14.35,0.0,0.0,-14.35,CLOSED,234000,From Django Serv
977722152,EURUSD,SELL,0.23,1.14879,1.14867,2026-03-13 17:39:35,2026-03-13 17:43:37,4.0,2.4,0.0,0.0,2.4,CLOSED,234000,From Django Serv
977741431,GBPUSD,SELL,0.18,1.32815,1.32853,2026-03-13 17:42:27,2026-03-13 17:57:29,15.0,-5.96,0.0,0.0,-5.96,CLOSED,234000,From Django Serv
977741449,AUDUSD,SELL,0.34,0.70472,0.70542,2026-03-13 17:42:28,2026-03-13 17:48:01,5.5,-20.71,0.0,0.0,-20.71,CLOSED,234000,From Django Serv
977754948,NZDUSD,SELL,0.41,0.58358,0.58407,2026-03-13 17:44:24,2026-03-13 17:54:46,10.4,-17.49,0.0,0.0,-17.49,CLOSED,234000,From Django Serv
977755015,EURUSD,BUY,0.6,1.1488,1.14884,2026-03-13 17:44:25,2026-03-13 17:48:21,3.9,2.09,0.0,0.0,2.09,CLOSED,234000,From Django Serv
977792533,AUDUSD,SELL,0.34,0.70516,0.70513,2026-03-13 17:48:42,2026-03-13 17:49:33,0.8,0.89,0.0,0.0,0.89,CLOSED,234000,From Django Serv
977798748,EURUSD,BUY,0.6,1.1487,1.14772,2026-03-13 17:49:29,2026-03-13 18:00:05,10.6,-51.23,0.0,0.0,-51.23,CLOSED,234000,From Django Serv
977803071,AUDUSD,SELL,0.34,0.70477,0.70547,2026-03-13 17:50:24,2026-03-13 17:53:56,3.5,-20.72,0.0,0.0,-20.72,CLOSED,234000,From Django Serv
977827210,USDCAD,BUY,0.24,1.36866,1.36872,2026-03-13 17:54:24,2026-03-13 18:09:18,14.9,0.92,0.0,0.0,0.92,CLOSED,234000,From Django Serv
977827271,AUDUSD,SELL,0.34,0.70536,0.70538,2026-03-13 17:54:25,2026-03-13 17:57:13,2.8,-0.59,0.0,0.0,-0.59,CLOSED,234000,From Django Serv
977833275,NZDUSD,SELL,0.41,0.58392,0.58392,2026-03-13 17:55:23,2026-03-13 17:57:13,1.8,0.0,0.0,0.0,0.0,CLOSED,234000,From Django Serv
977847586,NZDUSD,SELL,0.41,0.58369,0.58359,2026-03-13 17:57:23,2026-03-13 18:01:23,4.0,3.57,0.0,0.0,3.57,CLOSED,234000,From Django Serv
977847809,AUDUSD,SELL,0.34,0.70516,0.70504,2026-03-13 17:57:24,2026-03-13 18:00:24,3.0,3.55,0.0,0.0,3.55,CLOSED,234000,From Django Serv
977856842,USDCHF,SELL,0.6,0.78675,0.78751,2026-03-13 17:58:24,2026-03-13 18:02:57,4.5,-50.47,0.0,0.0,-50.47,CLOSED,234000,From Django Serv
977857421,GBPUSD,SELL,0.6,1.32798,1.3279,2026-03-13 17:58:31,2026-03-13 18:00:19,1.8,4.18,0.0,0.0,4.18,CLOSED,234000,From Django Serv
977875395,USDJPY,SELL,0.6,159.115,159.14,2026-03-13 18:00:27,2026-03-13 18:11:43,11.3,-8.21,0.0,0.0,-8.21,CLOSED,234000,From Django Serv
977876198,GBPUSD,SELL,0.6,1.3278699999999999,1.32752,2026-03-13 18:00:30,2026-03-13 18:04:14,3.7,18.3,0.0,0.0,18.3,CLOSED,234000,From Django Serv
977877170,EURUSD,BUY,0.6,1.1479,1.14754,2026-03-13 18:00:34,2026-03-13 18:11:44,11.2,-18.82,0.0,0.0,-18.82,CLOSED,234000,From Django Serv
977885009,AUDUSD,SELL,0.34,0.70461,0.70458,2026-03-13 18:01:24,2026-03-13 18:03:51,2.5,0.89,0.0,0.0,0.89,CLOSED,234000,From Django Serv
977891099,NZDUSD,SELL,0.41,0.58339,0.58338,2026-03-13 18:02:23,2026-03-13 18:08:34,6.2,0.36,0.0,0.0,0.36,CLOSED,234000,From Django Serv
977907248,GBPUSD,SELL,0.6,1.32742,1.32729,2026-03-13 18:04:24,2026-03-13 18:08:31,4.1,6.8,0.0,0.0,6.8,CLOSED,234000,From Django Serv
977907322,AUDUSD,SELL,0.34,0.70463,0.70466,2026-03-13 18:04:26,2026-03-13 18:08:34,4.1,-0.89,0.0,0.0,-0.89,CLOSED,234000,From Django Serv
977922345,EURGBP,SELL,0.6,0.86431,0.86451,2026-03-13 18:06:26,2026-03-13 18:07:05,0.7,-13.88,0.0,0.0,-13.88,CLOSED,234000,From Django Serv
977938535,EURGBP,SELL,0.6,0.86456,0.86474,2026-03-13 18:08:45,2026-03-13 18:08:49,0.1,-12.49,0.0,0.0,-12.49,CLOSED,234000,From Django Serv
977942429,GBPUSD,SELL,0.6,1.3272,1.3271899999999999,2026-03-13 18:09:33,2026-03-13 18:14:27,4.9,0.52,0.0,0.0,0.52,CLOSED,234000,From Django Serv
977942611,AUDUSD,BUY,0.34,0.70469,0.70403,2026-03-13 18:09:38,2026-03-13 18:15:13,5.6,-19.56,0.0,0.0,-19.56,CLOSED,234000,From Django Serv
977942783,NZDUSD,SELL,0.41,0.58328,0.58318,2026-03-13 18:09:42,2026-03-13 18:15:36,5.9,3.57,0.0,0.0,3.57,CLOSED,234000,From Django Serv
977943637,USDCAD,BUY,0.24,1.36894,1.36914,2026-03-13 18:09:47,2026-03-13 18:18:14,8.4,3.06,0.0,0.0,3.06,CLOSED,234000,From Django Serv
978090123,USDJPY,SELL,0.6,159.181,159.154,2026-03-13 18:27:51,2026-03-13 18:34:06,6.2,8.86,0.0,0.0,8.86,CLOSED,234000,From Django Serv
978090553,USDCAD,BUY,0.24,1.36929,1.3694899999999999,2026-03-13 18:27:55,2026-03-13 18:37:03,9.1,3.05,0.0,0.0,3.05,CLOSED,234000,From Django Serv
978143191,USDJPY,SELL,0.6,159.146,159.243,2026-03-13 18:34:51,2026-03-13 18:37:20,2.5,-31.85,0.0,0.0,-31.85,CLOSED,234000,From Django Serv
979076597,USDCAD,BUY,0.3,1.37381,1.37393,2026-03-13 20:13:48,2026-03-13 20:27:18,13.5,2.29,0.0,0.0,2.29,CLOSED,234000,From Django Serv
979181414,USDCAD,BUY,0.6,1.37409,1.37378,2026-03-13 20:28:44,2026-03-13 20:43:44,15.0,-11.84,0.0,0.0,-11.84,CLOSED,234000,From Django Serv
979271843,USDCAD,BUY,0.6,1.37395,1.37361,2026-03-13 20:43:58,2026-03-13 20:49:20,5.4,-12.98,0.0,0.0,-12.98,CLOSED,234000,From Django Serv
979298979,USDCAD,BUY,0.6,1.37371,1.3734,2026-03-13 20:49:58,2026-03-13 20:50:22,0.4,-11.84,0.0,0.0,-11.84,CLOSED,234000,From Django Serv
979306460,USDCAD,BUY,0.45,1.3734199999999999,1.37352,2026-03-13 20:51:10,2026-03-13 21:05:04,13.9,2.86,0.0,0.0,2.86,CLOSED,234000,From Django Serv
980248832,XAUUSD,SELL,0.05,5019.34,5024.33,2026-03-14 00:41:26,2026-03-14 00:43:20,1.9,-21.87,0.0,0.0,-21.87,CLOSED,234000,From Django Serv
983460977,USDJPY,BUY,0.29,159.6,159.614,2026-03-16 06:55:49,2026-03-16 07:03:08,7.3,2.22,0.0,0.0,2.22,CLOSED,234000,From Django Serv
983461030,XAUUSD,SELL,0.14,5002.88,5003.72,2026-03-16 06:55:51,2026-03-16 06:56:06,0.2,-10.27,0.0,0.0,-10.27,CLOSED,234000,From Django Serv
983463666,XAGUSD,BUY,0.06,79.499,79.288,2026-03-16 06:56:29,2026-03-16 06:59:05,2.6,-55.29,0.0,0.0,-55.29,CLOSED,234000,From Django Serv
983463996,EURUSD,SELL,0.31,1.14481,1.14484,2026-03-16 06:56:40,2026-03-16 07:03:09,6.5,-0.81,0.0,0.0,-0.81,CLOSED,234000,From Django Serv
983485415,GBPUSD,SELL,0.27,1.32524,1.32566,2026-03-16 07:03:27,2026-03-16 07:18:29,15.0,-9.9,0.0,0.0,-9.9,CLOSED,234000,From Django Serv
983532856,GBPUSD,SELL,0.27,1.32549,1.32617,2026-03-16 07:18:48,2026-03-16 07:30:56,12.1,-16.03,0.0,0.0,-16.03,CLOSED,234000,From Django Serv
983640228,USDJPY,SELL,0.58,159.474,159.512,2026-03-16 07:45:10,2026-03-16 08:00:11,15.0,-12.07,0.0,0.0,-12.07,CLOSED,234000,From Django Serv
983672144,XAUUSD,BUY,0.14,5018.95,5019.29,2026-03-16 07:56:04,2026-03-16 07:57:35,1.5,4.16,0.0,0.0,4.16,CLOSED,234000,From Django Serv
983675402,XAGUSD,SELL,0.06,80.202,80.4,2026-03-16 07:57:49,2026-03-16 08:02:13,4.4,-51.87,0.0,0.0,-51.87,CLOSED,234000,From Django Serv
983676542,EURUSD,SELL,0.31,1.14499,1.14496,2026-03-16 07:58:29,2026-03-16 08:10:04,11.6,0.81,0.0,0.0,0.81,CLOSED,234000,From Django Serv
983680597,USDJPY,BUY,0.29,159.512,159.526,2026-03-16 08:00:29,2026-03-16 08:09:46,9.3,2.22,0.0,0.0,2.22,CLOSED,234000,From Django Serv
984121925,XAUEUR,BUY,0.01,4389.42,4403.48,2026-03-16 10:06:48,2026-03-16 10:19:30,12.7,14.06,0.0,0.0,14.06,CLOSED,234000,From Django Serv
984240611,UKOUSDft,BUY,0.01,104.808,104.798,2026-03-16 10:33:19,2026-03-16 10:48:21,15.0,-0.09,0.0,0.0,-0.09,CLOSED,234000,From Django Serv
984241694,NZDUSD,SELL,0.01,0.58075,0.58044,2026-03-16 10:33:46,2026-03-16 10:48:47,15.0,0.27,0.0,0.0,0.27,CLOSED,234000,From Django Serv
984283550,USOUSD,BUY,0.01,99.407,98.971,2026-03-16 10:45:19,2026-03-16 10:55:27,10.1,-3.82,0.0,0.0,-3.82,CLOSED,234000,From Django Serv
984325191,XAGUSD,SELL,0.01,79.597,80.031,2026-03-16 10:50:09,2026-03-16 10:56:20,6.2,-18.99,0.0,0.0,-18.99,CLOSED,234000,From Django Serv
984373605,GBPUSD,SELL,0.6,1.32489,1.32474,2026-03-16 11:00:03,2026-03-16 11:15:53,15.8,7.87,0.0,0.0,7.87,CLOSED,234000,From Django Serv
984375109,USOUSD,SELL,0.01,98.94,99.4,2026-03-16 11:00:10,2026-03-16 11:10:16,10.1,-4.02,0.0,0.0,-4.02,CLOSED,234000,From Django Serv
984376321,XAUUSD,BUY,0.18,5011.75,5011.81,2026-03-16 11:00:26,2026-03-16 11:00:33,0.1,0.94,0.0,0.0,0.94,CLOSED,234000,From Django Serv
984377344,XAUUSD,SELL,0.01,5011.9,5007.5,2026-03-16 11:00:42,2026-03-16 11:22:27,21.8,3.85,0.0,0.0,3.85,CLOSED,234000,From Django Serv
984415085,XAUEUR,SELL,0.01,4384.46,4381.39,2026-03-16 11:10:51,2026-03-16 11:16:17,5.4,3.07,0.0,0.0,3.07,CLOSED,234000,From Django Serv
984450363,EURUSD,BUY,0.6,1.14317,1.14307,2026-03-16 11:16:33,2026-03-16 11:22:27,5.9,-5.25,0.0,0.0,-5.25,CLOSED,234000,From Django Serv
984474419,XAUUSD,BUY,0.01,5007.44,5007.27,2026-03-16 11:21:24,2026-03-16 11:22:28,1.1,-0.15,0.0,0.0,-0.15,CLOSED,0,close orphan 984
984474849,EURUSD,SELL,0.6,1.14306,1.1432,2026-03-16 11:21:29,2026-03-16 11:22:28,1.0,-7.35,0.0,0.0,-7.35,CLOSED,0,close orphan 984
984506013,XAUEUR,BUY,0.01,4378.53,4378.99,2026-03-16 11:27:54,2026-03-16 11:37:08,9.2,0.46,0.0,0.0,0.46,CLOSED,234000,From Django Serv
984512380,USDCAD,SELL,0.01,1.37154,1.37143,2026-03-16 11:28:32,2026-03-16 11:43:34,15.0,0.07,0.0,0.0,0.07,CLOSED,234000,From Django Serv
984514155,XAGUSD,SELL,0.6,79.159,79.275,2026-03-16 11:28:47,2026-03-16 11:28:52,0.1,-304.6,0.0,0.0,-304.6,CLOSED,234000,From Django Serv
984518680,USDJPY,BUY,0.6,159.348,159.352,2026-03-16 11:29:39,2026-03-16 11:44:56,15.3,1.32,0.0,0.0,1.32,CLOSED,234000,From Django Serv
984677357,NG-C,SELL,0.1,3.206,3.218,2026-03-16 12:00:05,2026-03-16 12:00:06,0.0,-10.5,0.0,0.0,-10.5,CLOSED,234000,From Django Serv
984679298,NG-C,SELL,0.1,3.207,3.205,2026-03-16 12:00:15,2026-03-16 12:13:04,12.8,1.75,0.0,0.0,1.75,CLOSED,234000,From Django Serv
984681243,GBPUSD,BUY,0.11,1.32465,1.32354,2026-03-16 12:00:33,2026-03-16 12:15:34,15.0,-10.69,0.0,0.0,-10.69,CLOSED,234000,From Django Serv
984684616,XAUUSD,SELL,0.02,4998.58,4997.27,2026-03-16 12:01:04,2026-03-16 12:03:52,2.8,2.29,0.0,0.0,2.29,CLOSED,234000,From Django Serv
984727709,NZDUSD,BUY,0.01,0.58109,0.58062,2026-03-16 12:10:02,2026-03-16 12:13:38,3.6,-0.41,0.0,0.0,-0.41,CLOSED,234000,From Django Serv
984758794,NZDUSD,BUY,0.01,0.58076,0.58096,2026-03-16 12:14:17,2026-03-16 12:26:00,11.7,0.17,0.0,0.0,0.17,CLOSED,234000,From Django Serv
984764549,EURGBP,BUY,0.01,0.86335,0.8634,2026-03-16 12:15:09,2026-03-16 12:30:10,15.0,0.06,0.0,0.0,0.06,CLOSED,234000,From Django Serv
984781414,EURUSD,BUY,0.1,1.14292,1.1437599999999999,2026-03-16 12:18:19,2026-03-16 12:38:42,20.4,7.92,0.0,0.0,7.92,CLOSED,234000,From Django Serv
984803995,EURUSD,BUY,0.07,1.14383,1.14412,2026-03-16 12:22:44,2026-03-16 12:37:49,15.1,1.77,0.0,0.0,1.77,CLOSED,234000,Scale-in for tic
984850286,XAGUSD,SELL,0.01,79.331,79.103,2026-03-16 12:28:58,2026-03-16 12:52:33,23.6,9.96,0.0,0.0,9.96,CLOSED,234000,From Django Serv
984864927,USDJPY,SELL,0.16,159.248,159.359,2026-03-16 12:31:11,2026-03-16 12:46:13,15.0,-9.74,0.0,0.0,-9.74,CLOSED,234000,From Django Serv
984913030,AUDUSD,SELL,0.01,0.70132,0.70205,2026-03-16 12:40:05,2026-03-16 12:48:31,8.4,-0.64,0.0,0.0,-0.64,CLOSED,234000,From Django Serv
984974164,AUDUSD,BUY,0.01,0.70184,0.70178,2026-03-16 12:51:21,2026-03-16 13:06:23,15.0,-0.05,0.0,0.0,-0.05,CLOSED,234000,From Django Serv
984974653,USDJPY,BUY,0.01,159.37,159.366,2026-03-16 12:51:31,2026-03-16 13:06:31,15.0,-0.02,0.0,0.0,-0.02,CLOSED,234000,From Django Serv
984994442,NG-C,BUY,0.1,3.223,3.212,2026-03-16 12:55:11,2026-03-16 12:55:23,0.2,-9.61,0.0,0.0,-9.61,CLOSED,234000,From Django Serv
984995012,NG-C,BUY,0.1,3.222,3.211,2026-03-16 12:55:26,2026-03-16 12:55:49,0.4,-9.61,0.0,0.0,-9.61,CLOSED,234000,From Django Serv
984996301,NG-C,BUY,0.1,3.219,3.208,2026-03-16 12:56:05,2026-03-16 12:56:11,0.1,-9.61,0.0,0.0,-9.61,CLOSED,234000,From Django Serv
984997410,NG-C,BUY,0.1,3.219,3.208,2026-03-16 12:56:16,2026-03-16 12:56:34,0.3,-9.61,0.0,0.0,-9.61,CLOSED,234000,From Django Serv
985000375,NG-C,BUY,0.1,3.217,3.206,2026-03-16 12:56:41,2026-03-16 12:56:48,0.1,-9.61,0.0,0.0,-9.61,CLOSED,234000,From Django Serv
985001389,NG-C,BUY,0.1,3.216,3.205,2026-03-16 12:56:52,2026-03-16 12:57:01,0.1,-9.61,0.0,0.0,-9.61,CLOSED,234000,From Django Serv
985090554,GBPUSD,BUY,0.25,1.32476,1.32488,2026-03-16 13:12:05,2026-03-16 13:15:08,3.0,2.62,0.0,0.0,2.62,CLOSED,234000,From Django Serv
985091313,XAUUSD,SELL,0.01,4984.31,4988.38,2026-03-16 13:12:23,2026-03-16 13:27:25,15.0,-3.56,0.0,0.0,-3.56,CLOSED,234000,From Django Serv
985099941,USDJPY,BUY,0.35,159.354,159.326,2026-03-16 13:14:09,2026-03-16 13:29:10,15.0,-5.37,0.0,0.0,-5.37,CLOSED,234000,From Django Serv
985104389,NG-C,BUY,0.1,3.219,3.206,2026-03-16 13:15:13,2026-03-16 13:21:29,6.3,-11.36,0.0,0.0,-11.36,CLOSED,234000,From Django Serv
985104849,AUDUSD,BUY,0.35,0.70212,0.70213,2026-03-16 13:15:17,2026-03-16 13:19:54,4.6,0.31,0.0,0.0,0.31,CLOSED,234000,From Django Serv
985125001,EURUSD,BUY,0.19,1.14477,1.14436,2026-03-16 13:20:24,2026-03-16 13:35:25,15.0,-6.8100000000000005,0.0,0.0,-6.81,CLOSED,234000,From Django Serv
985162617,XAGUSD,SELL,0.01,78.771,78.668,2026-03-16 13:29:00,2026-03-16 13:32:26,3.4,4.5,0.0,0.0,4.5,CLOSED,234000,From Django Serv
985178270,XAGUSD,SELL,0.01,78.572,78.576,2026-03-16 13:32:40,2026-03-16 13:42:31,9.8,-0.17,0.0,0.0,-0.17,CLOSED,234000,From Django Serv
985313688,XAGUSD,SELL,0.01,78.172,77.773,2026-03-16 13:57:54,2026-03-16 14:29:18,31.4,17.39,0.0,0.0,17.39,CLOSED,234000,From Django Serv
986327804,GBPUSD,BUY,0.11,1.32781,1.32791,2026-03-16 16:59:06,2026-03-16 17:06:41,7.6,0.96,0.0,0.0,0.96,CLOSED,234000,From Django Serv
986328057,XAUUSD,BUY,0.04,5020.51,5020.83,2026-03-16 16:59:10,2026-03-16 17:13:21,14.2,1.11,0.0,0.0,1.11,CLOSED,234000,From Django Serv
986355866,EURUSD,SELL,0.07,1.14752,1.14801,2026-03-16 17:03:08,2026-03-16 17:18:09,15.0,-2.99,0.0,0.0,-2.99,CLOSED,234000,From Django Serv
986356002,XAGUSD,BUY,0.01,80.023,80.102,2026-03-16 17:03:11,2026-03-16 17:13:25,10.2,3.44,0.0,0.0,3.44,CLOSED,234000,From Django Serv
986449240,AUDUSD,BUY,0.2,0.70559,0.70564,2026-03-16 17:18:24,2026-03-16 17:24:08,5.7,0.87,0.0,0.0,0.87,CLOSED,234000,From Django Serv
986519534,USDJPY,BUY,0.01,159.147,159.063,2026-03-16 17:30:37,2026-03-16 17:43:52,13.2,-0.46,0.0,0.0,-0.46,CLOSED,234000,From Django Serv
986639555,USDJPY,SELL,0.01,159.06,158.925,2026-03-16 17:44:06,2026-03-16 17:59:08,15.0,0.74,0.0,0.0,0.74,CLOSED,234000,From Django Serv
986744487,GBPUSD,BUY,0.2,1.33086,1.33102,2026-03-16 17:59:15,2026-03-16 18:03:16,4.0,2.7800000000000002,0.0,0.0,2.78,CLOSED,234000,From Django Serv
986744643,XAUUSD,SELL,0.03,5027.54,5030.42,2026-03-16 17:59:17,2026-03-16 18:14:18,15.0,-7.51,0.0,0.0,-7.51,CLOSED,234000,From Django Serv
986789450,EURUSD,BUY,0.13,1.1495199999999999,1.14972,2026-03-16 18:05:26,2026-03-16 18:10:27,5.0,2.26,0.0,0.0,2.26,CLOSED,234000,From Django Serv
986842022,NG-C,SELL,0.1,3.189,3.189,2026-03-16 18:12:27,2026-03-16 18:22:31,10.1,0.0,0.0,0.0,0.0,CLOSED,234000,From Django Serv
986859579,XAGUSD,BUY,0.01,81.366,80.852,2026-03-16 18:14:28,2026-03-16 18:29:30,15.0,-22.36,0.0,0.0,-22.36,CLOSED,234000,From Django Serv
986889406,AUDUSD,BUY,0.32,0.70744,0.70645,2026-03-16 18:18:32,2026-03-16 18:30:36,12.1,-27.57,0.0,0.0,-27.57,CLOSED,234000,From Django Serv
987249064,UKOUSDft,BUY,0.01,101.743,101.975,2026-03-16 19:01:07,2026-03-16 19:19:15,18.1,2.02,0.0,0.0,2.02,CLOSED,234000,From Django Serv
987249235,USOUSD,BUY,0.01,95.012,95.247,2026-03-16 19:01:08,2026-03-16 19:19:15,18.1,2.04,0.0,0.0,2.04,CLOSED,234000,From Django Serv
987459117,AUDUSD,SELL,0.01,0.70603,0.70614,2026-03-16 19:31:24,2026-03-16 19:46:25,15.0,-0.1,0.0,0.0,-0.1,CLOSED,234000,From Django Serv
987459285,EURUSD,SELL,0.06,1.14923,1.14971,2026-03-16 19:31:26,2026-03-16 19:46:27,15.0,-2.5,0.0,0.0,-2.5,CLOSED,234000,From Django Serv
987459453,XAGUSD,BUY,0.01,80.824,80.835,2026-03-16 19:31:28,2026-03-16 19:37:51,6.4,0.48,0.0,0.0,0.48,CLOSED,234000,From Django Serv
987529171,UKOUSDft,SELL,0.01,101.268,101.938,2026-03-16 19:45:10,2026-03-16 19:57:01,11.8,-5.83,0.0,0.0,-5.83,CLOSED,234000,From Django Serv
987538143,AUDUSD,SELL,0.01,0.70598,0.70556,2026-03-16 19:46:36,2026-03-16 20:01:36,15.0,0.37,0.0,0.0,0.37,CLOSED,234000,From Django Serv
987539287,GBPUSD,BUY,0.14,1.33141,1.33006,2026-03-16 19:46:50,2026-03-16 20:01:52,15.0,-16.45,0.0,0.0,-16.45,CLOSED,234000,From Django Serv
987600671,XAGUSD,SELL,0.01,80.288,80.709,2026-03-16 19:57:17,2026-03-16 20:12:07,14.8,-18.32,0.0,0.0,-18.32,CLOSED,234000,From Django Serv
987630475,AUDUSD,BUY,0.07,0.7055,0.7054,2026-03-16 20:02:07,2026-03-16 20:17:08,15.0,-0.61,0.0,0.0,-0.61,CLOSED,234000,From Django Serv
987647295,UKOUSDft,BUY,0.01,102.143,101.848,2026-03-16 20:05:03,2026-03-16 20:20:04,15.0,-2.57,0.0,0.0,-2.57,CLOSED,234000,From Django Serv
987807712,EURUSD,SELL,0.1,1.1478,1.1492,2026-03-16 20:33:13,2026-03-16 20:42:00,8.8,-12.18,0.0,0.0,-12.18,CLOSED,234000,From Django Serv
987883349,EURGBP,BUY,0.01,0.86412,0.86388,2026-03-16 20:45:06,2026-03-16 21:00:07,15.0,-0.28,0.0,0.0,-0.28,CLOSED,234000,From Django Serv
987898433,GBPUSD,SELL,0.1,1.33013,1.3315000000000001,2026-03-16 20:47:23,2026-03-16 21:02:25,15.0,-11.91,0.0,0.0,-11.91,CLOSED,234000,From Django Serv
987938156,EURUSD,BUY,0.01,1.14993,1.14983,2026-03-16 20:55:10,2026-03-16 21:10:10,15.0,-0.09,0.0,0.0,-0.09,CLOSED,234000,From Django Serv
987938165,USDCHF,SELL,0.01,0.78752,0.78806,2026-03-16 20:55:10,2026-03-16 20:59:01,3.9,-0.6,0.0,0.0,-0.6,CLOSED,234000,From Django Serv
988132817,USDJPY,BUY,0.01,159.215,159.243,2026-03-16 21:33:07,2026-03-16 21:48:10,15.1,0.15,0.0,0.0,0.15,CLOSED,234000,From Django Serv
988297107,AUDUSD,BUY,0.01,0.70614,0.70651,2026-03-16 22:05:06,2026-03-16 22:20:06,15.0,0.32,0.0,0.0,0.32,CLOSED,234000,From Django Serv
988351665,XAUUSD,BUY,0.01,4999.77,5013.07,2026-03-16 22:15:05,2026-03-16 23:51:11,96.1,11.55,0.0,0.0,11.55,CLOSED,234000,From Django Serv
988351996,USDJPY,SELL,0.01,159.14,158.987,2026-03-16 22:15:07,2026-03-16 22:30:08,15.0,0.84,0.0,0.0,0.84,CLOSED,234000,From Django Serv
988367931,XAGUSD,BUY,0.01,80.611,81.301,2026-03-16 22:20:11,2026-03-16 22:39:50,19.6,29.94,0.0,0.0,29.94,CLOSED,234000,From Django Serv
988442441,NG-C,BUY,0.1,3.1310000000000002,3.116,2026-03-16 22:35:07,2026-03-16 22:50:09,15.0,-13.02,0.0,0.0,-13.02,CLOSED,234000,From Django Serv
988643886,USDCAD,BUY,0.01,1.36801,1.36749,2026-03-16 23:20:14,2026-03-16 23:22:49,2.6,-0.33,0.0,0.0,-0.33,CLOSED,234000,From Django Serv
988653850,USDCAD,BUY,0.01,1.3676599999999999,1.36773,2026-03-16 23:23:11,2026-03-16 23:38:13,15.0,0.04,0.0,0.0,0.04,CLOSED,234000,From Django Serv
988659437,EURGBP,SELL,0.01,0.86383,0.864,2026-03-16 23:25:05,2026-03-16 23:29:26,4.3,-0.2,0.0,0.0,-0.2,CLOSED,234000,From Django Serv
988674488,EURGBP,SELL,0.01,0.86388,0.86378,2026-03-16 23:29:48,2026-03-16 23:44:48,15.0,0.12,0.0,0.0,0.12,CLOSED,234000,From Django Serv
988903821,AUDUSD,SELL,0.01,0.70706,0.70735,2026-03-17 00:45:03,2026-03-17 01:01:23,16.3,-0.25,0.0,-0.01,-0.26,CLOSED,234000,From Django Serv
988903927,USOUSD,BUY,0.01,94.082,94.119,2026-03-17 00:45:08,2026-03-17 02:10:41,85.5,0.32,0.0,-0.22,0.1,CLOSED,234000,From Django Serv
988916007,UKOUSDft,BUY,0.01,100.868,100.811,2026-03-17 00:50:38,2026-03-17 01:16:36,26.0,-0.5,0.0,0.0,-0.5,CLOSED,234000,From Django Serv
988949287,USDCHF,BUY,0.01,0.78808,0.78741,2026-03-17 01:10:12,2026-03-17 01:10:35,0.4,-0.74,0.0,0.0,-0.74,CLOSED,234000,From Django Serv
988982480,EURGBP,SELL,0.01,0.86369,0.86393,2026-03-17 02:01:01,2026-03-17 02:10:30,9.5,-0.28,0.0,0.0,-0.28,CLOSED,234000,From Django Serv
988982691,USDCAD,SELL,0.01,1.36812,1.36836,2026-03-17 02:01:02,2026-03-17 02:03:29,2.5,-0.15,0.0,0.0,-0.15,CLOSED,234000,From Django Serv
989001888,USDCAD,SELL,0.01,1.3683100000000001,1.36855,2026-03-17 02:03:48,2026-03-17 02:17:18,13.5,-0.15,0.0,0.0,-0.15,CLOSED,234000,From Django Serv
989150715,EURGBP,SELL,0.01,0.8637,0.86377,2026-03-17 02:46:23,2026-03-17 03:01:24,15.0,-0.08,0.0,0.0,-0.08,CLOSED,234000,From Django Serv
989224036,XAGUSD,BUY,0.01,80.915,80.956,2026-03-17 03:12:58,2026-03-17 03:45:01,32.0,1.78,0.0,0.0,1.78,CLOSED,234000,From Django Serv
989228509,XAUEUR,BUY,0.01,4354.82,4358.07,2026-03-17 03:15:19,2026-03-17 03:39:07,23.8,3.25,0.0,0.0,3.25,CLOSED,234000,From Django Serv
989285552,XAUUSD,BUY,0.01,5012.75,5007.62,2026-03-17 03:35:48,2026-03-17 03:47:48,12.0,-4.46,0.0,0.0,-4.46,CLOSED,234000,From Django Serv
989348341,AUDUSD,BUY,0.01,0.70697,0.70668,2026-03-17 03:55:07,2026-03-17 03:58:33,3.4,-0.25,0.0,0.0,-0.25,CLOSED,234000,From Django Serv
989362331,AUDUSD,BUY,0.01,0.70678,0.70649,2026-03-17 03:59:25,2026-03-17 04:00:31,1.1,-0.25,0.0,0.0,-0.25,CLOSED,234000,From Django Serv
989392295,AUDUSD,SELL,0.01,0.70623,0.70659,2026-03-17 04:05:25,2026-03-17 04:06:19,0.9,-0.31,0.0,0.0,-0.31,CLOSED,234000,From Django Serv
989397529,AUDUSD,SELL,0.01,0.70645,0.70658,2026-03-17 04:06:33,2026-03-17 04:21:34,15.0,-0.11,0.0,0.0,-0.11,CLOSED,234000,From Django Serv
989468603,XAUUSD,SELL,0.01,5003.77,5003.15,2026-03-17 04:25:04,2026-03-17 04:40:06,15.0,0.54,0.0,0.0,0.54,CLOSED,234000,From Django Serv
989522981,XAUEUR,SELL,0.01,4353.24,4356.06,2026-03-17 04:40:11,2026-03-17 04:55:35,15.4,-2.82,0.0,0.0,-2.82,CLOSED,234000,From Django Serv
989804304,XAGUSD,BUY,0.01,80.818,80.936,2026-03-17 05:44:09,2026-03-17 05:48:57,4.8,5.14,0.0,0.0,5.14,CLOSED,234000,From Django Serv
989842390,USDCAD,SELL,0.01,1.36835,1.36855,2026-03-17 05:54:29,2026-03-17 06:12:45,18.3,-0.13,0.0,0.0,-0.13,CLOSED,234000,From Django Serv
991217955,GBPUSD,SELL,0.01,1.33071,1.33017,2026-03-17 12:01:34,2026-03-17 12:16:37,15.1,0.47,0.0,0.0,0.47,CLOSED,234000,From Django Serv
991219728,EURUSD,SELL,0.04,1.14989,1.14947,2026-03-17 12:02:01,2026-03-17 12:21:31,19.5,1.46,0.0,0.0,1.46,CLOSED,234000,From Django Serv
991223732,USDJPY,SELL,0.07,159.159,159.182,2026-03-17 12:03:32,2026-03-17 12:18:33,15.0,-0.88,0.0,0.0,-0.88,CLOSED,234000,From Django Serv
991223776,XAUUSD,SELL,0.01,5023.44,5024.94,2026-03-17 12:03:34,2026-03-17 12:18:35,15.0,-1.31,0.0,0.0,-1.31,CLOSED,234000,From Django Serv
991281553,GBPUSD,SELL,0.02,1.33014,1.33152,2026-03-17 12:17:07,2026-03-17 12:29:29,12.4,-2.4,0.0,0.0,-2.4,CLOSED,234000,From Django Serv
991287180,XAUUSD,BUY,0.01,5024.94,5025.87,2026-03-17 12:18:55,2026-03-17 12:22:13,3.3,0.81,0.0,0.0,0.81,CLOSED,234000,From Django Serv
991303589,USDJPY,SELL,0.04,159.172,159.227,2026-03-17 12:21:39,2026-03-17 12:36:41,15.0,-1.2,0.0,0.0,-1.2,CLOSED,234000,From Django Serv
991305345,EURUSD,SELL,0.09,1.14945,1.14927,2026-03-17 12:21:49,2026-03-17 12:36:51,15.0,1.41,0.0,0.0,1.41,CLOSED,234000,From Django Serv
991310965,XAUUSD,BUY,0.01,5025.5,5020.04,2026-03-17 12:22:24,2026-03-17 12:37:25,15.0,-4.75,0.0,0.0,-4.75,CLOSED,234000,From Django Serv
991346855,GBPUSD,SELL,0.02,1.33137,1.33282,2026-03-17 12:29:40,2026-03-17 12:43:31,13.8,-2.52,0.0,0.0,-2.52,CLOSED,234000,From Django Serv
991372968,EURUSD,BUY,0.03,1.14929,1.15074,2026-03-17 12:37:05,2026-03-17 12:57:00,19.9,3.67,0.0,0.0,3.67,CLOSED,234000,From Django Serv
991374888,USDJPY,BUY,0.04,159.205,159.082,2026-03-17 12:37:49,2026-03-17 12:52:50,15.0,-2.69,0.0,0.0,-2.69,CLOSED,234000,From Django Serv
991375584,XAUUSD,SELL,0.01,5020.91,5021.7,2026-03-17 12:38:03,2026-03-17 12:53:04,15.0,-0.69,0.0,0.0,-0.69,CLOSED,234000,From Django Serv
991384737,EURUSD,BUY,0.02,1.1504,1.15128,2026-03-17 12:40:13,2026-03-17 12:55:14,15.0,1.93,0.0,0.0,1.93,CLOSED,234000,Scale-in for tic
991400280,GBPUSD,SELL,0.02,1.33253,1.33284,2026-03-17 12:43:49,2026-03-17 12:59:40,15.8,-0.54,0.0,0.0,-0.54,CLOSED,234000,From Django Serv
991434227,USDJPY,SELL,0.01,159.085,159.144,2026-03-17 12:52:53,2026-03-17 13:07:54,15.0,-0.32,0.0,0.0,-0.32,CLOSED,234000,From Django Serv
991436574,XAUUSD,SELL,0.01,5021.9,5019.44,2026-03-17 12:53:35,2026-03-17 13:28:56,35.4,2.13,0.0,0.0,2.13,CLOSED,234000,From Django Serv
991451286,EURUSD,BUY,0.06,1.15076,1.15102,2026-03-17 12:57:17,2026-03-17 13:16:44,19.4,1.3599999999999999,0.0,0.0,1.36,CLOSED,234000,From Django Serv
991458988,GBPUSD,SELL,0.02,1.33277,1.33292,2026-03-17 12:59:45,2026-03-17 13:14:46,15.0,-0.26,0.0,0.0,-0.26,CLOSED,234000,From Django Serv
991479575,AUDUSD,BUY,0.01,0.70864,0.70794,2026-03-17 13:04:23,2026-03-17 13:19:24,15.0,-0.61,0.0,0.0,-0.61,CLOSED,234000,From Django Serv
991481243,USDCAD,SELL,0.03,1.36897,1.3697300000000001,2026-03-17 13:04:48,2026-03-17 13:19:50,15.0,-1.45,0.0,0.0,-1.45,CLOSED,234000,From Django Serv
991495325,NZDUSD,BUY,0.08,0.5838,0.58369,2026-03-17 13:07:44,2026-03-17 13:22:45,15.0,-0.76,0.0,0.0,-0.76,CLOSED,234000,From Django Serv
991496843,USDJPY,BUY,0.01,159.141,159.133,2026-03-17 13:08:05,2026-03-17 13:23:10,15.1,-0.04,0.0,0.0,-0.04,CLOSED,234000,From Django Serv
991533051,GBPUSD,SELL,0.02,1.33276,1.33378,2026-03-17 13:15:08,2026-03-17 13:30:10,15.0,-1.77,0.0,0.0,-1.77,CLOSED,234000,From Django Serv
991541465,EURUSD,SELL,0.02,1.1510799999999999,1.1525400000000001,2026-03-17 13:16:49,2026-03-17 13:29:26,12.6,-2.5300000000000002,0.0,0.0,-2.53,CLOSED,234000,From Django Serv
991554317,AUDUSD,BUY,0.02,0.70816,0.70831,2026-03-17 13:19:38,2026-03-17 13:34:40,15.0,0.26,0.0,0.0,0.26,CLOSED,234000,From Django Serv
991568890,USDJPY,BUY,0.04,159.151,159.137,2026-03-17 13:23:17,2026-03-17 13:38:17,15.0,-0.31,0.0,0.0,-0.31,CLOSED,234000,From Django Serv
991570541,NZDUSD,SELL,0.02,0.58372,0.58415,2026-03-17 13:23:53,2026-03-17 13:38:56,15.1,-0.75,0.0,0.0,-0.75,CLOSED,234000,From Django Serv
991577514,USDCAD,BUY,0.02,1.36939,1.36958,2026-03-17 13:25:37,2026-03-17 13:40:38,15.0,0.24,0.0,0.0,0.24,CLOSED,234000,From Django Serv
991593516,XAUUSD,BUY,0.01,5019.11,5013.18,2026-03-17 13:29:11,2026-03-17 13:44:12,15.0,-5.15,0.0,0.0,-5.15,CLOSED,234000,From Django Serv
991594995,EURUSD,BUY,0.03,1.15255,1.15113,2026-03-17 13:29:33,2026-03-17 13:44:34,15.0,-3.7,0.0,0.0,-3.7,CLOSED,234000,From Django Serv
991599611,GBPUSD,SELL,0.01,1.33361,1.33313,2026-03-17 13:30:31,2026-03-17 13:45:32,15.0,0.42,0.0,0.0,0.42,CLOSED,234000,From Django Serv
991624590,AUDUSD,BUY,0.01,0.70848,0.70847,2026-03-17 13:36:16,2026-03-17 13:51:18,15.0,-0.01,0.0,0.0,-0.01,CLOSED,234000,From Django Serv
991631864,USDJPY,BUY,0.01,159.154,159.16,2026-03-17 13:38:36,2026-03-17 13:53:38,15.0,0.03,0.0,0.0,0.03,CLOSED,234000,From Django Serv
991652526,USDCAD,BUY,0.02,1.36963,1.36957,2026-03-17 13:42:34,2026-03-17 13:57:36,15.0,-0.08,0.0,0.0,-0.08,CLOSED,234000,From Django Serv
991659051,XAUUSD,SELL,0.01,5014.07,5012.79,2026-03-17 13:44:38,2026-03-17 14:01:06,16.5,1.11,0.0,0.0,1.11,CLOSED,234000,From Django Serv
991659344,EURUSD,SELL,0.01,1.15105,1.15168,2026-03-17 13:44:50,2026-03-17 13:59:50,15.0,-0.55,0.0,0.0,-0.55,CLOSED,234000,From Django Serv
991663777,GBPUSD,SELL,0.02,1.33304,1.33347,2026-03-17 13:46:04,2026-03-17 14:01:04,15.0,-0.75,0.0,0.0,-0.75,CLOSED,234000,From Django Serv
991671520,NZDUSD,SELL,0.04,0.58407,0.58428,2026-03-17 13:48:18,2026-03-17 14:03:20,15.0,-0.73,0.0,0.0,-0.73,CLOSED,234000,From Django Serv
991683872,AUDUSD,BUY,0.01,0.70869,0.70894,2026-03-17 13:53:25,2026-03-17 14:08:26,15.0,0.22,0.0,0.0,0.22,CLOSED,234000,From Django Serv
991685944,USDJPY,BUY,0.01,159.173,159.172,2026-03-17 13:54:03,2026-03-17 14:09:04,15.0,-0.01,0.0,0.0,-0.01,CLOSED,234000,From Django Serv
991712806,EURUSD,BUY,0.02,1.1515900000000001,1.15095,2026-03-17 14:00:06,2026-03-17 14:15:06,15.0,-1.11,0.0,0.0,-1.11,CLOSED,234000,From Django Serv
991721293,USDCAD,SELL,0.02,1.36947,1.37004,2026-03-17 14:01:04,2026-03-17 14:16:06,15.0,-0.72,0.0,0.0,-0.72,CLOSED,234000,From Django Serv
991724854,XAUUSD,BUY,0.01,5013.17,5006.33,2026-03-17 14:01:21,2026-03-17 14:16:22,15.0,-5.9399999999999995,0.0,0.0,-5.94,CLOSED,234000,From Django Serv
991725031,GBPUSD,SELL,0.02,1.3332600000000001,1.33262,2026-03-17 14:01:23,2026-03-17 14:16:24,15.0,1.11,0.0,0.0,1.11,CLOSED,234000,From Django Serv
991750087,NZDUSD,BUY,0.02,0.58429,0.58373,2026-03-17 14:05:04,2026-03-17 14:20:05,15.0,-0.97,0.0,0.0,-0.97,CLOSED,234000,From Django Serv
991794269,USDJPY,SELL,0.02,159.164,159.132,2026-03-17 14:10:02,2026-03-17 14:25:03,15.0,0.35,0.0,0.0,0.35,CLOSED,234000,From Django Serv
991796152,AUDUSD,BUY,0.01,0.70888,0.7083,2026-03-17 14:10:19,2026-03-17 14:25:20,15.0,-0.5,0.0,0.0,-0.5,CLOSED,234000,From Django Serv
991817498,EURUSD,SELL,0.01,1.1506,1.15112,2026-03-17 14:15:50,2026-03-17 14:30:51,15.0,-0.45,0.0,0.0,-0.45,CLOSED,234000,From Django Serv
991822664,GBPUSD,SELL,0.02,1.3324,1.33258,2026-03-17 14:16:43,2026-03-17 14:31:45,15.0,-0.31,0.0,0.0,-0.31,CLOSED,234000,From Django Serv
991825942,XAUUSD,SELL,0.01,5005.26,5006.57,2026-03-17 14:17:35,2026-03-17 14:32:37,15.0,-1.1400000000000001,0.0,0.0,-1.14,CLOSED,234000,From Django Serv
991850267,NZDUSD,BUY,0.02,0.58408,0.5839,2026-03-17 14:23:47,2026-03-17 14:38:49,15.0,-0.31,0.0,0.0,-0.31,CLOSED,234000,From Django Serv
991855511,USDJPY,BUY,0.02,159.132,159.069,2026-03-17 14:25:28,2026-03-17 14:40:29,15.0,-0.69,0.0,0.0,-0.69,CLOSED,234000,From Django Serv
991857313,AUDUSD,BUY,0.01,0.70863,0.70847,2026-03-17 14:26:14,2026-03-17 14:41:15,15.0,-0.14,0.0,0.0,-0.14,CLOSED,234000,From Django Serv
991860231,USDCAD,BUY,0.02,1.3695599999999999,1.3696,2026-03-17 14:26:45,2026-03-17 14:41:45,15.0,0.05,0.0,0.0,0.05,CLOSED,234000,From Django Serv
991888594,EURUSD,SELL,0.01,1.1509800000000001,1.15123,2026-03-17 14:31:02,2026-03-17 14:46:03,15.0,-0.22,0.0,0.0,-0.22,CLOSED,234000,From Django Serv
991895834,GBPUSD,SELL,0.02,1.33235,1.3330199999999999,2026-03-17 14:32:04,2026-03-17 14:47:05,15.0,-1.16,0.0,0.0,-1.16,CLOSED,234000,From Django Serv
991910914,XAUUSD,SELL,0.01,5004.18,5001.36,2026-03-17 14:35:06,2026-03-17 14:47:29,12.4,2.45,0.0,0.0,2.45,CLOSED,234000,From Django Serv
991944566,USDJPY,SELL,0.02,159.058,159.125,2026-03-17 14:40:46,2026-03-17 14:55:47,15.0,-0.73,0.0,0.0,-0.73,CLOSED,234000,From Django Serv
991945825,NZDUSD,BUY,0.02,0.58392,0.58368,2026-03-17 14:41:01,2026-03-17 14:56:01,15.0,-0.42,0.0,0.0,-0.42,CLOSED,234000,From Django Serv
991951469,USDCAD,BUY,0.02,1.3697599999999999,1.36999,2026-03-17 14:42:05,2026-03-17 14:57:07,15.0,0.29,0.0,0.0,0.29,CLOSED,234000,From Django Serv
991957367,AUDUSD,BUY,0.03,0.70853,0.70839,2026-03-17 14:43:00,2026-03-17 14:58:01,15.0,-0.37,0.0,0.0,-0.37,CLOSED,234000,From Django Serv
991990024,EURUSD,SELL,0.01,1.1511,1.15064,2026-03-17 14:46:31,2026-03-17 15:01:31,15.0,0.4,0.0,0.0,0.4,CLOSED,234000,From Django Serv
991992528,GBPUSD,SELL,0.01,1.33291,1.3325,2026-03-17 14:47:19,2026-03-17 15:02:21,15.0,0.36,0.0,0.0,0.36,CLOSED,234000,From Django Serv
992028221,USDJPY,BUY,0.02,159.126,159.047,2026-03-17 14:56:18,2026-03-17 15:11:19,15.0,-0.86,0.0,0.0,-0.86,CLOSED,234000,From Django Serv
992037421,USDCAD,SELL,0.02,1.37011,1.37012,2026-03-17 14:58:34,2026-03-17 15:13:35,15.0,-0.01,0.0,0.0,-0.01,CLOSED,234000,From Django Serv
992045288,AUDUSD,BUY,0.01,0.70856,0.70875,2026-03-17 15:00:05,2026-03-17 15:15:06,15.0,0.17,0.0,0.0,0.17,CLOSED,234000,From Django Serv
992046008,NZDUSD,SELL,0.02,0.58367,0.58441,2026-03-17 15:00:10,2026-03-17 15:15:11,15.0,-1.29,0.0,0.0,-1.29,CLOSED,234000,From Django Serv
992058226,EURUSD,SELL,0.01,1.1504699999999999,1.15131,2026-03-17 15:02:04,2026-03-17 15:17:06,15.0,-0.73,0.0,0.0,-0.73,CLOSED,234000,From Django Serv
992064394,GBPUSD,SELL,0.02,1.3324500000000001,1.33327,2026-03-17 15:03:22,2026-03-17 15:18:23,15.0,-1.42,0.0,0.0,-1.42,CLOSED,234000,From Django Serv
992095638,USDJPY,SELL,0.02,159.047,159.002,2026-03-17 15:11:34,2026-03-17 15:26:36,15.0,0.49,0.0,0.0,0.49,CLOSED,234000,From Django Serv
992104439,USDCAD,BUY,0.02,1.3702,1.37024,2026-03-17 15:14:25,2026-03-17 15:29:26,15.0,0.05,0.0,0.0,0.05,CLOSED,234000,From Django Serv
992107887,AUDUSD,BUY,0.01,0.70888,0.70854,2026-03-17 15:15:17,2026-03-17 15:30:18,15.0,-0.3,0.0,0.0,-0.3,CLOSED,234000,From Django Serv
992112304,NZDUSD,BUY,0.02,0.58449,0.5843,2026-03-17 15:16:20,2026-03-17 15:31:22,15.0,-0.33,0.0,0.0,-0.33,CLOSED,234000,From Django Serv
992119673,EURUSD,SELL,0.01,1.15121,1.15125,2026-03-17 15:17:42,2026-03-17 15:32:43,15.0,-0.03,0.0,0.0,-0.03,CLOSED,234000,From Django Serv
992127896,GBPUSD,SELL,0.01,1.33321,1.33328,2026-03-17 15:18:56,2026-03-17 15:33:57,15.0,-0.06,0.0,0.0,-0.06,CLOSED,234000,From Django Serv
992149061,USDJPY,BUY,0.02,159.004,158.998,2026-03-17 15:26:49,2026-03-17 15:41:50,15.0,-0.07,0.0,0.0,-0.07,CLOSED,234000,From Django Serv
992159384,AUDUSD,BUY,0.01,0.70865,0.70872,2026-03-17 15:30:36,2026-03-17 15:45:36,15.0,0.06,0.0,0.0,0.06,CLOSED,234000,From Django Serv
992161493,USDCAD,BUY,0.03,1.37026,1.36999,2026-03-17 15:31:25,2026-03-17 15:46:26,15.0,-0.51,0.0,0.0,-0.51,CLOSED,234000,From Django Serv
992163477,NZDUSD,BUY,0.02,0.58444,0.58452,2026-03-17 15:32:31,2026-03-17 15:47:32,15.0,0.14,0.0,0.0,0.14,CLOSED,234000,From Django Serv
992167303,GBPUSD,SELL,0.02,1.3332,1.33286,2026-03-17 15:34:10,2026-03-17 15:49:10,15.0,0.59,0.0,0.0,0.59,CLOSED,234000,From Django Serv
992167435,EURUSD,SELL,0.01,1.15122,1.1513200000000001,2026-03-17 15:34:15,2026-03-17 15:49:16,15.0,-0.09,0.0,0.0,-0.09,CLOSED,234000,From Django Serv
992178479,XAUUSD,SELL,0.01,5005.83,5009.06,2026-03-17 15:36:13,2026-03-17 15:51:14,15.0,-2.81,0.0,0.0,-2.81,CLOSED,234000,From Django Serv
992196834,USDJPY,BUY,0.02,159.016,159.071,2026-03-17 15:42:02,2026-03-17 15:57:04,15.0,0.6,0.0,0.0,0.6,CLOSED,234000,From Django Serv
992211383,AUDUSD,BUY,0.01,0.70887,0.70783,2026-03-17 15:45:52,2026-03-17 16:00:54,15.0,-0.9,0.0,0.0,-0.9,CLOSED,234000,From Django Serv
992215354,USDCAD,SELL,0.03,1.37003,1.37076,2026-03-17 15:47:05,2026-03-17 16:02:06,15.0,-1.3900000000000001,0.0,0.0,-1.39,CLOSED,234000,From Django Serv
992219111,NZDUSD,SELL,0.02,0.58446,0.58406,2026-03-17 15:48:20,2026-03-17 16:03:22,15.0,0.7,0.0,0.0,0.7,CLOSED,234000,From Django Serv
992222267,GBPUSD,SELL,0.02,1.33252,1.33176,2026-03-17 15:49:19,2026-03-17 16:04:19,15.0,1.32,0.0,0.0,1.32,CLOSED,234000,From Django Serv
992222295,EURUSD,BUY,0.02,1.15127,1.15079,2026-03-17 15:49:21,2026-03-17 16:04:22,15.0,-0.83,0.0,0.0,-0.83,CLOSED,234000,From Django Serv
992227816,XAUUSD,SELL,0.01,5008.67,5006.42,2026-03-17 15:51:29,2026-03-17 16:07:30,16.0,1.95,0.0,0.0,1.95,CLOSED,234000,From Django Serv
992250904,USDJPY,BUY,0.02,159.105,158.997,2026-03-17 15:57:17,2026-03-17 16:12:18,15.0,-1.18,0.0,0.0,-1.18,CLOSED,234000,From Django Serv
992270192,AUDUSD,BUY,0.01,0.70803,0.70918,2026-03-17 16:01:08,2026-03-17 16:16:09,15.0,1.0,0.0,0.0,1.0,CLOSED,234000,From Django Serv
992278855,USDCAD,BUY,0.03,1.3707500000000001,1.36982,2026-03-17 16:02:45,2026-03-17 16:17:47,15.0,-1.77,0.0,0.0,-1.77,CLOSED,234000,From Django Serv
992283003,NZDUSD,BUY,0.02,0.58399,0.58462,2026-03-17 16:03:48,2026-03-17 16:18:49,15.0,1.09,0.0,0.0,1.09,CLOSED,234000,From Django Serv
992288086,GBPUSD,BUY,0.02,1.33178,1.33262,2026-03-17 16:04:34,2026-03-17 16:20:39,16.1,1.46,0.0,0.0,1.46,CLOSED,234000,From Django Serv
992289626,EURUSD,SELL,0.01,1.15096,1.1518,2026-03-17 16:04:44,2026-03-17 16:19:45,15.0,-0.73,0.0,0.0,-0.73,CLOSED,234000,From Django Serv
992307527,XAUUSD,SELL,0.01,5006.55,5015.5,2026-03-17 16:08:13,2026-03-17 16:23:15,15.0,-7.77,0.0,0.0,-7.77,CLOSED,234000,From Django Serv
992329130,USDJPY,BUY,0.02,159.025,159.013,2026-03-17 16:12:42,2026-03-17 16:27:43,15.0,-0.13,0.0,0.0,-0.13,CLOSED,234000,From Django Serv
992350621,AUDUSD,BUY,0.01,0.70918,0.70924,2026-03-17 16:17:25,2026-03-17 16:32:27,15.0,0.05,0.0,0.0,0.05,CLOSED,234000,From Django Serv
992358540,USDCAD,SELL,0.03,1.37009,1.37054,2026-03-17 16:19:32,2026-03-17 16:34:33,15.0,-0.86,0.0,0.0,-0.86,CLOSED,234000,From Django Serv
992364108,EURUSD,SELL,0.02,1.15165,1.15202,2026-03-17 16:20:05,2026-03-17 16:35:05,15.0,-0.64,0.0,0.0,-0.64,CLOSED,234000,From Django Serv
992375187,GBPUSD,SELL,0.01,1.33276,1.3332,2026-03-17 16:21:08,2026-03-17 16:36:09,15.0,-0.38,0.0,0.0,-0.38,CLOSED,234000,From Django Serv
992395230,XAUUSD,SELL,0.01,5016.31,5017.09,2026-03-17 16:25:36,2026-03-17 16:40:37,15.0,-0.68,0.0,0.0,-0.68,CLOSED,234000,From Django Serv
992396832,NZDUSD,SELL,0.02,0.5847,0.5848,2026-03-17 16:25:52,2026-03-17 16:40:52,15.0,-0.17,0.0,0.0,-0.17,CLOSED,234000,From Django Serv
992407100,USDJPY,BUY,0.02,159.037,158.984,2026-03-17 16:27:57,2026-03-17 16:42:58,15.0,-0.58,0.0,0.0,-0.58,CLOSED,234000,From Django Serv
992435569,AUDUSD,BUY,0.01,0.70944,0.70945,2026-03-17 16:32:35,2026-03-17 16:47:36,15.0,0.01,0.0,0.0,0.01,CLOSED,234000,From Django Serv
992455190,EURUSD,BUY,0.02,1.1519300000000001,1.15189,2026-03-17 16:36:04,2026-03-17 16:51:05,15.0,-0.07,0.0,0.0,-0.07,CLOSED,234000,From Django Serv
992456788,GBPUSD,SELL,0.01,1.33315,1.33318,2026-03-17 16:36:22,2026-03-17 16:51:23,15.0,-0.03,0.0,0.0,-0.03,CLOSED,234000,From Django Serv
992467938,USDCAD,SELL,0.02,1.37073,1.37047,2026-03-17 16:38:23,2026-03-17 16:58:38,20.2,0.33,0.0,0.0,0.33,CLOSED,234000,From Django Serv
992497056,USDJPY,SELL,0.04,158.993,159.018,2026-03-17 16:46:16,2026-03-17 17:01:18,15.0,-0.55,0.0,0.0,-0.55,CLOSED,234000,From Django Serv
992533658,GBPUSD,BUY,0.01,1.33318,1.33415,2026-03-17 16:51:58,2026-03-17 17:06:59,15.0,0.84,0.0,0.0,0.84,CLOSED,234000,From Django Serv
992562271,EURUSD,SELL,0.02,1.15238,1.15339,2026-03-17 16:59:52,2026-03-17 17:14:53,15.0,-1.75,0.0,0.0,-1.75,CLOSED,234000,From Django Serv
992576797,USDJPY,SELL,0.03,159.0,158.912,2026-03-17 17:01:28,2026-03-17 17:28:31,27.1,1.8399999999999999,0.0,0.0,1.84,CLOSED,234000,From Django Serv
992612209,GBPUSD,BUY,0.01,1.33439,1.33471,2026-03-17 17:07:13,2026-03-17 17:44:46,37.5,0.28,0.0,0.0,0.28,CLOSED,234000,From Django Serv
992653869,EURUSD,BUY,0.02,1.1534200000000001,1.1535,2026-03-17 17:16:25,2026-03-17 17:31:26,15.0,0.14,0.0,0.0,0.14,CLOSED,234000,From Django Serv
992724037,USDJPY,BUY,0.02,158.916,158.827,2026-03-17 17:28:39,2026-03-17 17:43:40,15.0,-0.97,0.0,0.0,-0.97,CLOSED,234000,From Django Serv
992752162,EURUSD,SELL,0.02,1.15346,1.1538,2026-03-17 17:32:06,2026-03-17 17:47:07,15.0,-0.59,0.0,0.0,-0.59,CLOSED,234000,From Django Serv
992877872,GBPUSD,BUY,0.01,1.33498,1.33484,2026-03-17 17:45:02,2026-03-17 18:07:53,22.9,-0.12,0.0,0.0,-0.12,CLOSED,234000,From Django Serv
992892225,USDJPY,SELL,0.04,158.845,158.854,2026-03-17 17:46:47,2026-03-17 18:07:55,21.1,-0.2,0.0,0.0,-0.2,CLOSED,234000,From Django Serv
992897927,EURUSD,SELL,0.02,1.15382,1.15358,2026-03-17 17:47:42,2026-03-17 18:07:57,20.2,0.42,0.0,0.0,0.42,CLOSED,234000,From Django Serv
993071508,EURUSD,BUY,0.02,1.15368,1.15241,2026-03-17 18:08:52,2026-03-17 18:24:46,15.9,-2.2,0.0,0.0,-2.2,CLOSED,234000,From Django Serv
993072740,UKOUSDft,BUY,0.02,101.998,102.126,2026-03-17 18:09:01,2026-03-17 18:19:16,10.2,2.22,0.0,0.0,2.22,CLOSED,234000,STRUCT_TREN
993074837,USDJPY,BUY,0.03,158.851,158.972,2026-03-17 18:09:12,2026-03-17 18:30:16,21.1,1.98,0.0,0.0,1.98,CLOSED,234000,From Django Serv
993076703,GBPUSD,SELL,0.02,1.33509,1.33463,2026-03-17 18:09:29,2026-03-17 18:24:48,15.3,0.8,0.0,0.0,0.8,CLOSED,234000,From Django Serv
993082605,AUDUSD,BUY,0.13,0.71126,0.71004,2026-03-17 18:10:43,2026-03-17 18:25:44,15.0,-13.77,0.0,0.0,-13.77,CLOSED,234000,STRUCT_TREN
993084706,USOUSD,BUY,0.02,94.981,95.098,2026-03-17 18:11:08,2026-03-17 18:19:00,7.9,2.03,0.0,0.0,2.03,CLOSED,234000,STRUCT_TREN
993110901,USDCAD,BUY,0.19,1.36847,1.36857,2026-03-17 18:15:09,2026-03-17 18:19:14,4.1,1.2,0.0,0.0,1.2,CLOSED,234000,STRUCT_TREN
993142504,USOUSD,BUY,0.02,95.106,94.804,2026-03-17 18:19:24,2026-03-17 18:34:25,15.0,-5.24,0.0,0.0,-5.24,CLOSED,234000,STRUCT_TREN
993144810,UKOUSDft,BUY,0.03,102.158,101.903,2026-03-17 18:19:42,2026-03-17 18:34:44,15.0,-6.64,0.0,0.0,-6.64,CLOSED,234000,STRUCT_TREN
993147834,USDJPY,BUY,0.02,158.985,158.947,2026-03-17 18:20:07,2026-03-17 18:35:08,15.0,-0.41,0.0,0.0,-0.41,CLOSED,234000,Scale-in for tic
993148092,USDCAD,BUY,0.18,1.3688799999999999,1.36872,2026-03-17 18:20:10,2026-03-17 18:35:13,15.1,-1.83,0.0,0.0,-1.83,CLOSED,234000,STRUCT_TREN
993186426,AUDUSD,BUY,0.13,0.71016,0.71023,2026-03-17 18:25:56,2026-03-17 18:36:56,11.0,0.79,0.0,0.0,0.79,CLOSED,234000,STRUCT_TREN
993196953,GBPUSD,BUY,0.01,1.33446,1.33495,2026-03-17 18:27:31,2026-03-17 18:42:32,15.0,0.43,0.0,0.0,0.43,CLOSED,234000,From Django Serv
993202327,EURUSD,SELL,0.02,1.15257,1.15318,2026-03-17 18:28:40,2026-03-17 18:43:42,15.0,-1.06,0.0,0.0,-1.06,CLOSED,234000,From Django Serv
993252214,UKOUSDft,BUY,0.03,101.908,101.103,2026-03-17 18:35:08,2026-03-17 18:50:12,15.1,-20.93,0.0,0.0,-20.93,CLOSED,234000,STRUCT_TREN
993253442,USDCAD,BUY,0.17,1.3688,1.3691,2026-03-17 18:35:31,2026-03-17 18:44:34,9.1,3.23,0.0,0.0,3.23,CLOSED,234000,STRUCT_TREN
993259548,USDJPY,SELL,0.04,158.949,158.89,2026-03-17 18:36:10,2026-03-17 18:51:10,15.0,1.29,0.0,0.0,1.29,CLOSED,234000,From Django Serv
993273164,AUDUSD,BUY,0.13,0.71043,0.71018,2026-03-17 18:38:07,2026-03-17 18:53:08,15.0,-2.82,0.0,0.0,-2.82,CLOSED,234000,STRUCT_TREN
993311488,GBPUSD,SELL,0.02,1.33522,1.33503,2026-03-17 18:43:56,2026-03-17 18:58:56,15.0,0.33,0.0,0.0,0.33,CLOSED,234000,From Django Serv
993316455,USDCAD,BUY,0.17,1.36913,1.3711,2026-03-17 18:44:42,2026-03-17 19:24:49,40.1,21.5,0.0,0.0,21.5,CLOSED,234000,STRUCT_TREN
993323057,EURUSD,SELL,0.11,1.15348,1.15346,2026-03-17 18:45:32,2026-03-17 19:00:33,15.0,0.19,0.0,0.0,0.19,CLOSED,234000,STRUCT_TREN
993360875,USDJPY,SELL,0.04,158.866,158.911,2026-03-17 18:51:32,2026-03-17 19:06:33,15.0,-0.98,0.0,0.0,-0.98,CLOSED,234000,From Django Serv
993381339,AUDUSD,BUY,0.13,0.71032,0.70957,2026-03-17 18:54:14,2026-03-17 19:09:14,15.0,-8.46,0.0,0.0,-8.46,CLOSED,234000,STRUCT_TREN
993386436,UKOUSDft,BUY,0.02,101.048,102.47,2026-03-17 18:54:42,2026-03-17 19:43:28,48.8,21.32,0.0,0.0,21.32,CLOSED,234000,STRUCT_TREN
993411028,GBPUSD,BUY,0.02,1.33491,1.33461,2026-03-17 18:59:15,2026-03-17 19:14:16,15.0,-0.52,0.0,0.0,-0.52,CLOSED,234000,From Django Serv
993424060,EURUSD,SELL,0.11,1.15337,1.15322,2026-03-17 19:00:40,2026-03-17 19:16:47,16.1,1.43,0.0,0.0,1.43,CLOSED,234000,STRUCT_TREN
993469482,USDJPY,BUY,0.04,158.908,158.975,2026-03-17 19:07:04,2026-03-17 19:25:13,18.1,1.46,0.0,0.0,1.46,CLOSED,234000,From Django Serv
993494781,AUDUSD,BUY,0.12,0.70944,0.7095,2026-03-17 19:10:24,2026-03-17 19:19:24,9.0,0.62,0.0,0.0,0.62,CLOSED,234000,STRUCT_TREN
993514594,GBPUSD,BUY,0.02,1.33478,1.3343,2026-03-17 19:14:27,2026-03-17 19:29:28,15.0,-0.83,0.0,0.0,-0.83,CLOSED,234000,From Django Serv
993528660,EURUSD,SELL,0.02,1.1531,1.15298,2026-03-17 19:16:56,2026-03-17 19:31:57,15.0,0.21,0.0,0.0,0.21,CLOSED,234000,From Django Serv
993546593,AUDUSD,BUY,0.12,0.70971,0.70883,2026-03-17 19:19:45,2026-03-17 19:34:46,15.0,-9.16,0.0,0.0,-9.16,CLOSED,234000,STRUCT_TREN
993586736,USDJPY,BUY,0.01,158.978,159.079,2026-03-17 19:25:46,2026-03-17 19:40:48,15.0,0.55,0.0,0.0,0.55,CLOSED,234000,From Django Serv
993628732,GBPUSD,SELL,0.02,1.3342100000000001,1.33422,2026-03-17 19:29:47,2026-03-17 19:44:47,15.0,-0.02,0.0,0.0,-0.02,CLOSED,234000,From Django Serv
993651787,EURUSD,BUY,0.01,1.15284,1.15261,2026-03-17 19:32:44,2026-03-17 19:47:45,15.0,-0.2,0.0,0.0,-0.2,CLOSED,234000,From Django Serv
993672453,AUDUSD,BUY,0.13,0.7091,0.7092,2026-03-17 19:35:16,2026-03-17 19:48:27,13.2,1.13,0.0,0.0,1.13,CLOSED,234000,STRUCT_TREN
993746045,USDJPY,BUY,0.01,159.084,159.032,2026-03-17 19:40:58,2026-03-17 19:55:59,15.0,-0.28,0.0,0.0,-0.28,CLOSED,234000,From Django Serv
993776825,UKOUSDft,BUY,0.02,102.603,102.663,2026-03-17 19:43:42,2026-03-17 19:58:44,15.0,1.04,0.0,0.0,1.04,CLOSED,234000,STRUCT_TREN
993786098,GBPUSD,SELL,0.02,1.33406,1.33437,2026-03-17 19:44:55,2026-03-17 19:59:56,15.0,-0.54,0.0,0.0,-0.54,CLOSED,234000,From Django Serv
993817539,EURUSD,BUY,0.02,1.1526399999999999,1.15199,2026-03-17 19:48:18,2026-03-17 20:03:20,15.0,-1.13,0.0,0.0,-1.13,CLOSED,234000,From Django Serv
993821910,AUDUSD,BUY,0.13,0.70937,0.70959,2026-03-17 19:49:17,2026-03-17 20:02:23,13.1,2.48,0.0,0.0,2.48,CLOSED,234000,STRUCT_TREN
993870127,USDJPY,SELL,0.01,159.043,159.029,2026-03-17 19:58:05,2026-03-17 20:13:06,15.0,0.08,0.0,0.0,0.08,CLOSED,234000,From Django Serv
993879145,UKOUSDft,BUY,0.02,102.663,102.553,2026-03-17 19:59:23,2026-03-17 20:14:26,15.1,-1.9100000000000001,0.0,0.0,-1.91,CLOSED,234000,STRUCT_TREN
993885492,GBPUSD,BUY,0.02,1.33425,1.33408,2026-03-17 20:00:15,2026-03-17 20:15:16,15.0,-0.3,0.0,0.0,-0.3,CLOSED,234000,From Django Serv
993897714,AUDUSD,BUY,0.12,0.70953,0.70986,2026-03-17 20:02:45,2026-03-17 20:14:58,12.2,3.44,0.0,0.0,3.44,CLOSED,234000,STRUCT_TREN
993906865,EURUSD,SELL,0.01,1.15192,1.1529099999999999,2026-03-17 20:03:47,2026-03-17 20:18:49,15.0,-0.86,0.0,0.0,-0.86,CLOSED,234000,From Django Serv
993971305,AUDUSD,BUY,0.12,0.71006,0.71017,2026-03-17 20:15:27,2026-03-17 20:53:23,37.9,1.1400000000000001,0.0,0.0,1.14,CLOSED,234000,STRUCT_TREN
993971592,UKOUSDft,BUY,0.03,102.518,101.408,2026-03-17 20:15:30,2026-03-17 20:29:19,13.8,-28.88,0.0,0.0,-28.88,CLOSED,234000,STRUCT_TREN
993972524,USDJPY,SELL,0.01,159.022,159.01,2026-03-17 20:15:44,2026-03-17 21:19:38,63.9,0.07,0.0,0.0,0.07,CLOSED,234000,From Django Serv
993972816,GBPUSD,BUY,0.02,1.33416,1.33565,2026-03-17 20:15:52,2026-03-17 22:30:43,134.8,2.54,0.0,0.0,2.54,CLOSED,234000,From Django Serv
993999059,EURUSD,BUY,0.01,1.15303,1.15392,2026-03-17 20:19:05,2026-03-17 22:37:01,137.9,0.77,0.0,0.0,0.77,CLOSED,234000,From Django Serv
994240976,USDJPY,SELL,0.01,158.999,158.96,2026-03-17 21:19:44,2026-03-17 21:34:45,15.0,0.21,0.0,0.0,0.21,CLOSED,234000,From Django Serv
994310540,USDJPY,SELL,0.03,158.937,158.992,2026-03-17 21:35:48,2026-03-17 21:50:50,15.0,-0.9,0.0,0.0,-0.9,CLOSED,234000,From Django Serv
994372746,USDJPY,SELL,0.01,158.988,158.959,2026-03-17 21:51:30,2026-03-17 22:06:32,15.0,0.16,0.0,0.0,0.16,CLOSED,234000,From Django Serv
994387276,UKOUSDft,BUY,0.02,103.138,102.828,2026-03-17 21:56:24,2026-03-17 22:11:28,15.1,-5.37,0.0,0.0,-5.37,CLOSED,234000,STRUCT_TREN
994428816,USDJPY,BUY,0.04,158.959,158.919,2026-03-17 22:07:24,2026-03-17 22:22:26,15.0,-0.87,0.0,0.0,-0.87,CLOSED,234000,From Django Serv
994475114,USDJPY,BUY,0.04,158.932,159.0,2026-03-17 22:22:35,2026-03-17 22:42:12,19.6,1.48,0.0,0.0,1.48,CLOSED,234000,From Django Serv
994509374,GBPUSD,SELL,0.01,1.33576,1.3359,2026-03-17 22:30:53,2026-03-17 22:45:54,15.0,-0.12,0.0,0.0,-0.12,CLOSED,234000,From Django Serv
994532596,EURUSD,BUY,0.02,1.15405,1.15407,2026-03-17 22:37:05,2026-03-17 22:52:07,15.0,0.03,0.0,0.0,0.03,CLOSED,234000,From Django Serv
994543776,UKOUSDft,BUY,0.03,103.563,103.338,2026-03-17 22:41:46,2026-03-17 22:52:24,10.6,-5.85,0.0,0.0,-5.85,CLOSED,234000,STRUCT_TREN
994545394,USDJPY,BUY,0.06,159.019,158.997,2026-03-17 22:42:31,2026-03-17 22:52:24,9.9,-0.72,0.0,0.0,-0.72,CLOSED,234000,From Django Serv
994557578,GBPUSD,BUY,0.02,1.33601,1.33583,2026-03-17 22:46:30,2026-03-17 22:52:24,5.9,-0.31,0.0,0.0,-0.31,CLOSED,234000,From Django Serv
994576388,EURUSD,BUY,0.01,1.1542,1.15411,2026-03-17 22:52:25,2026-03-17 22:54:48,2.4,-0.08,0.0,0.0,-0.08,CLOSED,234000,From Django Serv
994577542,UKOUSDft,BUY,0.04,103.428,103.313,2026-03-17 22:52:46,2026-03-17 22:54:48,2.0,-3.99,0.0,0.0,-3.99,CLOSED,234000,STRUCT_TREN
994578966,GBPUSD,BUY,0.02,1.33602,1.33592,2026-03-17 22:53:15,2026-03-17 22:54:48,1.6,-0.17,0.0,0.0,-0.17,CLOSED,234000,From Django Serv
994579824,USDJPY,BUY,0.05,159.01,158.987,2026-03-17 22:53:25,2026-03-17 22:54:48,1.4,-0.63,0.0,0.0,-0.63,CLOSED,234000,From Django Serv
994585376,EURUSD,BUY,0.03,1.15424,1.15401,2026-03-17 22:55:22,2026-03-17 22:56:40,1.3,-0.6,0.0,0.0,-0.6,CLOSED,234000,From Django Serv
994585836,GBPUSD,BUY,0.02,1.33602,1.33572,2026-03-17 22:55:35,2026-03-17 22:56:41,1.1,-0.52,0.0,0.0,-0.52,CLOSED,234000,From Django Serv
994589193,UKOUSDft,BUY,0.04,103.468,103.323,2026-03-17 22:56:13,2026-03-17 22:56:41,0.5,-5.03,0.0,0.0,-5.03,CLOSED,234000,STRUCT_TREN
994589810,AUDUSD,BUY,0.5,0.71051,0.71033,2026-03-17 22:56:25,2026-03-17 22:56:41,0.3,-7.8,0.0,0.0,-7.8,CLOSED,234000,STRUCT_TREN
994593909,GBPUSD,BUY,0.02,1.33588,1.33564,2026-03-17 22:57:13,2026-03-17 23:12:13,15.0,-0.42,0.0,0.0,-0.42,CLOSED,234000,From Django Serv
994594010,AUDUSD,BUY,0.49,0.71052,0.71026,2026-03-17 22:57:15,2026-03-17 23:12:15,15.0,-11.04,0.0,0.0,-11.04,CLOSED,234000,STRUCT_TREN
994594028,UKOUSDft,BUY,0.04,103.433,103.503,2026-03-17 22:57:15,2026-03-17 23:02:09,4.9,2.43,0.0,0.0,2.43,CLOSED,234000,STRUCT_TREN
994595168,EURUSD,BUY,0.03,1.15411,1.1539,2026-03-17 22:57:48,2026-03-17 23:12:50,15.0,-0.55,0.0,0.0,-0.55,CLOSED,234000,From Django Serv
994595288,USDJPY,BUY,0.05,159.031,159.038,2026-03-17 22:57:54,2026-03-17 23:12:55,15.0,0.19,0.0,0.0,0.19,CLOSED,234000,From Django Serv
994614411,UKOUSDft,BUY,0.04,103.613,103.138,2026-03-17 23:02:46,2026-03-17 23:17:48,15.0,-16.47,0.0,0.0,-16.47,CLOSED,234000,STRUCT_TREN
994640430,GBPUSD,BUY,0.02,1.3357999999999999,1.33596,2026-03-17 23:12:27,2026-03-17 23:27:28,15.0,0.28,0.0,0.0,0.28,CLOSED,234000,From Django Serv
994641876,EURUSD,SELL,0.02,1.15389,1.154,2026-03-17 23:13:03,2026-03-17 23:28:04,15.0,-0.19,0.0,0.0,-0.19,CLOSED,234000,From Django Serv
994642235,AUDUSD,BUY,0.4,0.71039,0.71041,2026-03-17 23:13:15,2026-03-17 23:20:41,7.4,0.69,0.0,0.0,0.69,CLOSED,234000,STRUCT_TREN
994642261,USDJPY,BUY,0.02,159.05,158.997,2026-03-17 23:13:16,2026-03-17 23:28:16,15.0,-0.58,0.0,0.0,-0.58,CLOSED,234000,From Django Serv
994657455,UKOUSDft,BUY,0.03,103.233,103.333,2026-03-17 23:18:15,2026-03-17 23:39:18,21.1,2.6,0.0,0.0,2.6,CLOSED,234000,STRUCT_TREN
994669467,AUDUSD,BUY,0.43,0.71056,0.71028,2026-03-17 23:21:44,2026-03-17 23:36:45,15.0,-10.44,0.0,0.0,-10.44,CLOSED,234000,STRUCT_TREN
994686687,GBPUSD,BUY,0.02,1.33601,1.33558,2026-03-17 23:27:53,2026-03-17 23:52:14,24.4,-0.75,0.0,0.0,-0.75,CLOSED,234000,From Django Serv
994691666,EURUSD,SELL,0.04,1.15372,1.15372,2026-03-17 23:29:25,2026-03-17 23:52:15,22.8,0.0,0.0,0.0,0.0,CLOSED,234000,From Django Serv
994692805,USDJPY,SELL,0.01,158.995,159.044,2026-03-17 23:30:01,2026-03-17 23:52:19,22.3,-0.27,0.0,0.0,-0.27,CLOSED,234000,From Django Serv
994719699,AUDUSD,BUY,0.5,0.71041,0.71028,2026-03-17 23:37:13,2026-03-17 23:52:19,15.1,-5.63,0.0,0.0,-5.63,CLOSED,234000,STRUCT_TREN
994726156,UKOUSDft,BUY,0.03,103.428,103.546,2026-03-17 23:39:44,2026-03-18 00:06:15,26.5,3.07,0.0,0.0,3.07,CLOSED,234000,STRUCT_TREN
994765544,EURUSD,SELL,0.03,1.15357,1.1539,2026-03-17 23:53:04,2026-03-18 00:08:06,15.0,-0.86,0.0,0.0,-0.86,CLOSED,234000,From Django Serv
994767049,GBPUSD,BUY,0.02,1.33565,1.3355299999999999,2026-03-17 23:53:24,2026-03-18 00:08:24,15.0,-0.21,0.0,0.0,-0.21,CLOSED,234000,From Django Serv
994767172,USDJPY,SELL,0.01,159.037,159.026,2026-03-17 23:53:28,2026-03-18 00:08:30,15.0,0.06,0.0,0.0,0.06,CLOSED,234000,From Django Serv
994767380,AUDUSD,BUY,0.73,0.71037,0.7105,2026-03-17 23:53:34,2026-03-18 00:07:25,13.8,8.23,0.0,0.0,8.23,CLOSED,234000,STRUCT_TREN
994808775,EURUSD,BUY,0.04,1.1539,1.15371,2026-03-18 00:08:23,2026-03-18 00:23:24,15.0,-0.66,0.0,0.0,-0.66,CLOSED,234000,From Django Serv
994809121,GBPUSD,BUY,0.03,1.33568,1.33531,2026-03-18 00:08:36,2026-03-18 00:23:36,15.0,-0.96,0.0,0.0,-0.96,CLOSED,234000,From Django Serv
994811728,USDJPY,BUY,0.02,159.034,159.027,2026-03-18 00:09:58,2026-03-18 00:24:58,15.0,-0.08,0.0,0.0,-0.08,CLOSED,234000,From Django Serv
994834751,EURUSD,BUY,0.04,1.15384,1.1537,2026-03-18 00:23:44,2026-03-18 00:38:46,15.0,-0.49,0.0,0.0,-0.49,CLOSED,234000,From Django Serv
994835400,GBPUSD,BUY,0.03,1.3354599999999999,1.33533,2026-03-18 00:24:03,2026-03-18 00:39:04,15.0,-0.34,0.0,0.0,-0.34,CLOSED,234000,From Django Serv
994852489,USDJPY,SELL,0.02,159.03,159.03,2026-03-18 00:33:58,2026-03-18 00:48:58,15.0,0.0,0.0,0.0,0.0,CLOSED,234000,From Django Serv
994861189,GBPUSD,BUY,0.01,1.33556,1.33542,2026-03-18 00:39:37,2026-03-18 00:54:38,15.0,-0.12,0.0,0.0,-0.12,CLOSED,234000,From Django Serv
994868517,EURUSD,SELL,0.04,1.1538599999999999,1.1544699999999999,2026-03-18 00:45:22,2026-03-18 01:01:13,15.8,-2.11,0.0,0.11,-2.0,CLOSED,234000,From Django Serv
994876771,USDJPY,BUY,0.07,159.042,158.959,2026-03-18 00:49:50,2026-03-18 00:55:33,5.7,-3.17,0.0,0.0,-3.17,CLOSED,234000,From Django Serv
994886094,GBPUSD,SELL,0.04,1.3354300000000001,1.33626,2026-03-18 00:54:41,2026-03-18 01:09:27,14.8,-2.88,0.0,-0.04,-2.92,CLOSED,234000,From Django Serv
994893039,EURUSD,SELL,0.04,1.1533,1.1541,2026-03-18 01:02:32,2026-03-18 01:05:00,2.5,-2.77,0.0,0.0,-2.77,CLOSED,234000,From Django Serv
994894107,EURUSD,SELL,0.05,1.15333,1.15406,2026-03-18 01:05:59,2026-03-18 01:21:01,15.0,-3.16,0.0,0.0,-3.16,CLOSED,234000,From Django Serv
994895036,GBPUSD,SELL,0.04,1.33505,1.3364,2026-03-18 01:09:44,2026-03-18 01:24:45,15.0,-4.68,0.0,0.0,-4.68,CLOSED,234000,From Django Serv
994899560,EURUSD,SELL,0.04,1.15345,1.15397,2026-03-18 01:23:48,2026-03-18 01:38:49,15.0,-1.8,0.0,0.0,-1.8,CLOSED,234000,From Django Serv
994899738,GBPUSD,SELL,0.04,1.33561,1.33646,2026-03-18 01:24:57,2026-03-18 01:27:23,2.4,-2.95,0.0,0.0,-2.95,CLOSED,234000,From Django Serv
994900277,GBPUSD,SELL,0.04,1.3355299999999999,1.33627,2026-03-18 01:27:43,2026-03-18 01:42:45,15.0,-2.57,0.0,0.0,-2.57,CLOSED,234000,From Django Serv
994904751,EURUSD,SELL,0.05,1.15359,1.15397,2026-03-18 01:38:57,2026-03-18 01:53:58,15.0,-1.65,0.0,0.0,-1.65,CLOSED,234000,From Django Serv
994905795,GBPUSD,SELL,0.04,1.33549,1.3363,2026-03-18 01:43:19,2026-03-18 01:45:59,2.7,-2.81,0.0,0.0,-2.81,CLOSED,234000,From Django Serv
994906733,GBPUSD,SELL,0.04,1.33549,1.3363399999999999,2026-03-18 01:46:39,2026-03-18 01:52:02,5.4,-2.95,0.0,0.0,-2.95,CLOSED,234000,From Django Serv
994909454,GBPUSD,SELL,0.04,1.33563,1.33648,2026-03-18 01:52:12,2026-03-18 01:58:05,5.9,-2.95,0.0,0.0,-2.95,CLOSED,234000,From Django Serv
994909986,EURUSD,SELL,0.05,1.15357,1.15425,2026-03-18 01:54:20,2026-03-18 02:08:52,14.5,-2.95,0.0,0.0,-2.95,CLOSED,234000,From Django Serv
994911105,GBPUSD,SELL,0.04,1.33565,1.33627,2026-03-18 01:58:35,2026-03-18 02:13:36,15.0,-2.15,0.0,0.0,-2.15,CLOSED,234000,From Django Serv
994916258,USDCAD,BUY,0.69,1.36944,1.3689,2026-03-18 02:01:30,2026-03-18 02:16:30,15.0,-23.58,0.0,0.0,-23.58,CLOSED,234000,STRUCT_TREN
994929557,NZDUSD,SELL,0.02,0.58565,0.58624,2026-03-18 02:05:22,2026-03-18 02:20:22,15.0,-1.02,0.0,0.0,-1.02,CLOSED,234000,From Django Serv
994931521,AUDUSD,BUY,0.05,0.71078,0.71073,2026-03-18 02:06:40,2026-03-18 02:21:42,15.0,-0.22,0.0,0.0,-0.22,CLOSED,234000,From Django Serv
994941904,EURUSD,SELL,0.05,1.15406,1.15436,2026-03-18 02:09:11,2026-03-18 02:24:12,15.0,-1.3,0.0,0.0,-1.3,CLOSED,234000,From Django Serv
994954559,GBPUSD,BUY,0.01,1.33621,1.33612,2026-03-18 02:13:50,2026-03-18 02:28:52,15.0,-0.08,0.0,0.0,-0.08,CLOSED,234000,From Django Serv
994962625,USDCAD,BUY,0.66,1.3691499999999999,1.36911,2026-03-18 02:17:00,2026-03-18 02:32:03,15.1,-1.67,0.0,0.0,-1.67,CLOSED,234000,STRUCT_TREN
994972251,NZDUSD,BUY,0.02,0.58619,0.58597,2026-03-18 02:21:18,2026-03-18 02:36:20,15.0,-0.38,0.0,0.0,-0.38,CLOSED,234000,From Django Serv
994977135,AUDUSD,BUY,0.04,0.71087,0.71066,2026-03-18 02:24:30,2026-03-18 02:39:32,15.0,-0.73,0.0,0.0,-0.73,CLOSED,234000,From Django Serv
994977173,EURUSD,SELL,0.05,1.15423,1.15414,2026-03-18 02:24:33,2026-03-18 02:39:34,15.0,0.39,0.0,0.0,0.39,CLOSED,234000,From Django Serv
994984310,GBPUSD,BUY,0.01,1.33625,1.33599,2026-03-18 02:29:11,2026-03-18 02:40:37,11.4,-0.23,0.0,0.0,-0.23,CLOSED,234000,From Django Serv
995006916,USDCAD,BUY,0.03,1.3693,1.3692199999999999,2026-03-18 02:37:24,2026-03-18 02:40:37,3.2,-0.15,0.0,0.0,-0.15,CLOSED,234000,From Django Serv
995015839,GBPUSD,BUY,0.12,1.33612,1.33597,2026-03-18 02:41:14,2026-03-18 02:51:55,10.7,-1.56,0.0,0.0,-1.56,CLOSED,234000,From Django Serv
995018657,AUDUSD,BUY,0.07,0.71076,0.71066,2026-03-18 02:42:27,2026-03-18 02:51:55,9.5,-0.61,0.0,0.0,-0.61,CLOSED,234000,From Django Serv
995020225,NZDUSD,BUY,0.08,0.58602,0.58582,2026-03-18 02:43:42,2026-03-18 02:51:55,8.2,-1.3900000000000001,0.0,0.0,-1.39,CLOSED,234000,From Django Serv
995027640,EURUSD,SELL,0.2,1.15394,1.15409,2026-03-18 02:45:09,2026-03-18 02:51:55,6.8,-2.6,0.0,0.0,-2.6,CLOSED,234000,From Django Serv
995076310,GBPUSD,BUY,0.04,1.33605,1.33574,2026-03-18 02:58:46,2026-03-18 03:13:48,15.0,-1.07,0.0,0.0,-1.07,CLOSED,234000,From Django Serv
995076351,EURUSD,SELL,0.05,1.15396,1.15397,2026-03-18 02:58:49,2026-03-18 03:13:50,15.0,-0.04,0.0,0.0,-0.04,CLOSED,234000,From Django Serv
995117308,GBPUSD,BUY,0.04,1.33593,1.33578,2026-03-18 03:19:39,2026-03-18 03:34:40,15.0,-0.52,0.0,0.0,-0.52,CLOSED,234000,From Django Serv
995117529,EURUSD,SELL,0.07,1.15392,1.15409,2026-03-18 03:19:45,2026-03-18 03:34:46,15.0,-1.03,0.0,0.0,-1.03,CLOSED,234000,From Django Serv
995371389,XAGUSD,BUY,0.01,79.669,79.428,2026-03-18 04:53:06,2026-03-18 04:55:04,2.0,-10.45,0.0,0.0,-10.45,CLOSED,234000,From Django Serv
995412200,XAUUSD,SELL,0.01,5002.38,5011.08,2026-03-18 05:02:40,2026-03-18 05:07:00,4.3,-7.54,0.0,0.0,-7.54,CLOSED,234000,From Django Serv
995643759,XAGUSD,SELL,0.01,78.958,79.217,2026-03-18 05:53:43,2026-03-18 06:08:43,15.0,-11.23,0.0,0.0,-11.23,CLOSED,234000,From Django Serv
995711418,XAUUSD,SELL,0.01,5000.1,5004.03,2026-03-18 06:11:48,2026-03-18 06:26:49,15.0,-3.41,0.0,0.0,-3.41,CLOSED,234000,From Django Serv
995854801,XAGUSD,BUY,0.01,78.674,78.098,2026-03-18 06:54:46,2026-03-18 07:04:28,9.7,-24.97,0.0,0.0,-24.97,CLOSED,234000,From Django Serv
995928642,XAUUSD,SELL,0.01,4991.82,4995.57,2026-03-18 07:12:28,2026-03-18 07:27:28,15.0,-3.25,0.0,0.0,-3.25,CLOSED,234000,From Django Serv
997342447,NG-C,SELL,0.1,3.013,3.024,2026-03-18 13:39:10,2026-03-18 13:39:34,0.4,-9.54,0.0,0.0,-9.54,CLOSED,0,
997383188,NG-C,SELL,0.1,3.032,3.043,2026-03-18 13:53:18,2026-03-18 14:13:41,20.4,-9.53,0.0,0.0,-9.53,CLOSED,234000,brain
997383218,UKOUSDft,BUY,0.01,103.458,103.168,2026-03-18 13:53:20,2026-03-18 14:13:42,20.4,-2.51,0.0,0.0,-2.51,CLOSED,234000,brain
997448999,NG-C,SELL,0.1,3.036,3.044,2026-03-18 14:14:08,2026-03-18 14:39:17,25.1,-6.93,0.0,0.0,-6.93,CLOSED,234000,
997449319,UKOUSDft,BUY,0.01,103.278,103.553,2026-03-18 14:14:10,2026-03-18 14:39:18,25.1,2.38,0.0,0.0,2.38,CLOSED,234000,
997636902,NG-C,SELL,0.1,3.028,3.038,2026-03-18 14:43:10,2026-03-18 14:45:15,2.1,-8.67,0.0,0.0,-8.67,CLOSED,234000,
997637028,UKOUSDft,BUY,0.01,103.703,103.563,2026-03-18 14:43:12,2026-03-18 14:45:15,2.0,-1.21,0.0,0.0,-1.21,CLOSED,234000,
998797516,USOUSD,BUY,0.28,96.853,96.751,2026-03-18 16:44:07,2026-03-18 16:47:42,3.6,-24.8,0.0,0.0,-24.8,CLOSED,234000,
998797598,USOUSD,BUY,0.28,96.833,96.811,2026-03-18 16:44:08,2026-03-18 16:47:45,3.6,-5.35,0.0,0.0,-5.35,CLOSED,234000,
998809142,XAGUSD,SELL,0.03,77.62,78.128,2026-03-18 16:45:12,2026-03-18 16:53:38,8.4,-66.2,0.0,0.0,-66.2,CLOSED,234000,
998841542,NG-C,BUY,0.8,3.127,3.127,2026-03-18 16:48:50,2026-03-18 16:49:55,1.1,0.0,0.0,0.0,0.0,CLOSED,234000,
998844233,USOUSD,BUY,0.25,97.133,97.126,2026-03-18 16:49:10,2026-03-18 16:50:57,1.8,-1.52,0.0,0.0,-1.52,CLOSED,234000,
998844350,USOUSD,BUY,0.25,97.143,97.126,2026-03-18 16:49:11,2026-03-18 16:50:55,1.7,-3.69,0.0,0.0,-3.69,CLOSED,234000,
998845093,XAUAUD,BUY,0.42,6901.15,6901.26,2026-03-18 16:49:16,2026-03-18 16:49:52,0.6,2.83,0.0,0.0,2.83,CLOSED,234000,
998845478,XAUEUR,SELL,0.39,4233.58,4233.93,2026-03-18 16:49:19,2026-03-18 16:50:49,1.5,-13.65,0.0,0.0,-13.65,CLOSED,234000,
998902291,XAGUSD,BUY,0.02,78.17,76.43,2026-03-18 16:54:27,2026-03-18 17:00:56,6.5,-151.22,0.0,0.0,-151.22,CLOSED,234000,
998904620,USOUSD,BUY,0.21,97.703,97.811,2026-03-18 16:54:44,2026-03-18 17:00:12,5.5,19.71,0.0,0.0,19.71,CLOSED,234000,
998917497,NG-C,BUY,0.7,3.136,3.138,2026-03-18 16:56:16,2026-03-18 16:57:49,1.6,12.16,0.0,0.0,12.16,CLOSED,234000,
998932140,XAUUSD,SELL,0.49,4881.35,4881.77,2026-03-18 16:58:13,2026-03-18 16:58:59,0.8,-17.89,0.0,0.0,-17.89,CLOSED,234000,
998932241,XAUUSD,SELL,0.49,4881.71,4878.93,2026-03-18 16:58:15,2026-03-18 16:59:00,0.8,118.37,0.0,0.0,118.37,CLOSED,234000,
998952225,EURUSD,SELL,10.77,1.15054,1.15084,2026-03-18 17:00:06,2026-03-18 17:00:09,0.1,-280.75,0.0,0.0,-280.75,CLOSED,234000,
998953288,USDJPY,BUY,15.28,159.464,159.432,2026-03-18 17:00:08,2026-03-18 17:00:13,0.1,-266.45,0.0,0.0,-266.45,CLOSED,234000,
999005937,XAUEUR,BUY,0.27,4219.16,4221.14,2026-03-18 17:01:50,2026-03-18 17:03:26,1.6,53.46,0.0,0.0,53.46,CLOSED,234000,
999011552,NG-C,BUY,0.7,3.161,3.118,2026-03-18 17:02:07,2026-03-18 17:20:12,18.1,-261.76,0.0,0.0,-261.76,CLOSED,234000,
999012048,NG-C,BUY,0.7,3.16,3.118,2026-03-18 17:02:08,2026-03-18 17:20:15,18.1,-255.66,0.0,0.0,-255.66,CLOSED,234000,
999015200,USDCHF,BUY,16.11,0.78839,0.78817,2026-03-18 17:02:21,2026-03-18 17:02:26,0.1,-390.77,0.0,0.0,-390.77,CLOSED,234000,
999030128,XAUUSD,SELL,0.49,4856.09,4861.18,2026-03-18 17:03:24,2026-03-18 17:04:06,0.7,-216.81,0.0,0.0,-216.81,CLOSED,234000,
999038426,USOUSD,BUY,0.21,97.483,97.506,2026-03-18 17:04:08,2026-03-18 17:06:29,2.4,4.2,0.0,0.0,4.2,CLOSED,234000,
999038436,USOUSD,BUY,0.21,97.493,97.526,2026-03-18 17:04:08,2026-03-18 17:06:30,2.4,6.03,0.0,0.0,6.03,CLOSED,234000,
999052856,USDJPY,BUY,15.28,159.515,159.468,2026-03-18 17:05:16,2026-03-18 17:05:22,0.1,-391.3,0.0,0.0,-391.3,CLOSED,234000,
999073325,XAUEUR,BUY,0.27,4227.64,4229.29,2026-03-18 17:07:07,2026-03-18 17:09:19,2.2,44.55,0.0,0.0,44.55,CLOSED,234000,
999076740,USDCHF,BUY,15.97,0.78849,0.78832,2026-03-18 17:07:29,2026-03-18 17:07:37,0.1,-299.35,0.0,0.0,-299.35,CLOSED,234000,
999084769,XAUUSD,SELL,0.49,4864.45,4863.81,2026-03-18 17:08:29,2026-03-18 17:10:25,1.9,27.27,0.0,0.0,27.27,CLOSED,234000,
999084858,EURUSD,SELL,10.63,1.15018,1.15012,2026-03-18 17:08:31,2026-03-18 17:09:09,0.6,55.46,0.0,0.0,55.46,CLOSED,234000,
999096807,USOUSD,BUY,0.21,97.783,97.866,2026-03-18 17:09:49,2026-03-18 17:11:57,2.1,15.16,0.0,0.0,15.16,CLOSED,234000,
999097101,XAGUSD,BUY,0.02,76.725,76.361,2026-03-18 17:09:52,2026-03-18 17:11:18,1.4,-31.66,0.0,0.0,-31.66,CLOSED,234000,
999132494,XAUEUR,BUY,0.27,4224.47,4226.03,2026-03-18 17:12:12,2026-03-18 17:12:55,0.7,42.12,0.0,0.0,42.12,CLOSED,234000,
999139812,USDCHF,BUY,15.97,0.78946,0.78923,2026-03-18 17:12:45,2026-03-18 17:12:50,0.1,-404.87,0.0,0.0,-404.87,CLOSED,234000,
999139824,USDCHF,BUY,15.97,0.78946,0.78923,2026-03-18 17:12:45,2026-03-18 17:12:51,0.1,-404.87,0.0,0.0,-404.87,CLOSED,234000,
999148046,XAUUSD,SELL,0.49,4862.2,4853.74,2026-03-18 17:13:33,2026-03-18 17:20:45,7.2,360.37,0.0,0.0,360.37,CLOSED,234000,
999160747,EURUSD,SELL,10.63,1.1495,1.14963,2026-03-18 17:14:58,2026-03-18 17:15:07,0.1,-120.2,0.0,0.0,-120.2,CLOSED,234000,
999160760,EURUSD,SELL,10.63,1.1495,1.14963,2026-03-18 17:14:58,2026-03-18 17:15:07,0.1,-120.2,0.0,0.0,-120.2,CLOSED,234000,
999195268,USOUSD,BUY,0.21,98.428,98.506,2026-03-18 17:16:39,2026-03-18 17:54:10,37.5,14.23,0.0,0.0,14.23,CLOSED,234000,
999206246,XAUEUR,BUY,0.27,4216.9,4207.01,2026-03-18 17:17:16,2026-03-18 17:18:19,1.1,-267.03,0.0,0.0,-267.03,CLOSED,234000,
999210070,USDCHF,BUY,15.97,0.78911,0.78897,2026-03-18 17:17:49,2026-03-18 17:17:59,0.2,-246.53,0.0,0.0,-246.53,CLOSED,234000,
999243015,USDJPY,BUY,15.23,159.508,159.505,2026-03-18 17:19:43,2026-03-18 17:23:43,4.0,-24.9,0.0,0.0,-24.9,CLOSED,234000,
999269349,XAUEUR,BUY,0.27,4225.77,4226.53,2026-03-18 17:22:18,2026-03-18 17:23:17,1.0,20.52,0.0,0.0,20.52,CLOSED,234000,
999269445,XAUEUR,BUY,0.27,4225.75,4226.56,2026-03-18 17:22:19,2026-03-18 17:23:18,1.0,21.87,0.0,0.0,21.87,CLOSED,234000,
999280269,XAUUSD,SELL,0.49,4861.5,4861.47,2026-03-18 17:23:39,2026-03-18 17:24:07,0.5,1.28,0.0,0.0,1.28,CLOSED,234000,
999280385,XAUUSD,SELL,0.49,4861.66,4861.39,2026-03-18 17:23:40,2026-03-18 17:24:09,0.5,11.5,0.0,0.0,11.5,CLOSED,234000,
999282925,EURUSD,SELL,10.55,1.15021,1.1504699999999999,2026-03-18 17:24:12,2026-03-18 17:24:59,0.8,-238.42,0.0,0.0,-238.42,CLOSED,234000,
999283333,EURUSD,SELL,10.55,1.15018,1.15049,2026-03-18 17:24:16,2026-03-18 17:25:01,0.8,-284.27,0.0,0.0,-284.27,CLOSED,234000,
999298074,XAGUSD,BUY,0.02,76.706,76.341,2026-03-18 17:25:47,2026-03-18 17:31:06,5.3,-31.73,0.0,0.0,-31.73,CLOSED,234000,
999298482,USDJPY,BUY,15.26,159.503,159.503,2026-03-18 17:25:50,2026-03-18 17:31:37,5.8,0.0,0.0,0.0,0.0,CLOSED,234000,
999298518,USDJPY,BUY,15.26,159.502,159.494,2026-03-18 17:25:50,2026-03-18 17:31:39,5.8,-66.52,0.0,0.0,-66.52,CLOSED,234000,
999298532,USDJPY,BUY,15.26,159.502,159.495,2026-03-18 17:25:50,2026-03-18 17:31:41,5.8,-58.2,0.0,0.0,-58.2,CLOSED,234000,
999314206,XAUEUR,BUY,0.26,4223.67,4224.03,2026-03-18 17:27:37,2026-03-18 17:28:41,1.1,9.36,0.0,0.0,9.36,CLOSED,234000,
999314465,XAUEUR,BUY,0.26,4223.54,4223.27,2026-03-18 17:27:39,2026-03-18 17:28:44,1.1,-7.02,0.0,0.0,-7.02,CLOSED,234000,
999323078,XAUUSD,SELL,0.49,4857.96,4856.3,2026-03-18 17:29:00,2026-03-18 17:31:19,2.3,70.69,0.0,0.0,70.69,CLOSED,234000,
999324553,USDCHF,BUY,16.01,0.7884,0.78827,2026-03-18 17:29:10,2026-03-18 17:29:18,0.1,-229.5,0.0,0.0,-229.5,CLOSED,234000,
999331814,EURUSD,SELL,10.56,1.15065,1.15063,2026-03-18 17:30:04,2026-03-18 17:31:20,1.3,18.36,0.0,0.0,18.36,CLOSED,234000,
999348511,XAGUSD,BUY,0.02,76.528,76.341,2026-03-18 17:31:13,2026-03-18 17:33:09,1.9,-16.26,0.0,0.0,-16.26,CLOSED,234000,
999370160,XAUEUR,BUY,0.26,4223.01,4222.72,2026-03-18 17:32:51,2026-03-18 17:34:59,2.1,-7.54,0.0,0.0,-7.54,CLOSED,234000,
999387272,XAUUSD,SELL,0.49,4854.14,4860.17,2026-03-18 17:34:12,2026-03-18 17:35:09,0.9,-256.81,0.0,0.0,-256.81,CLOSED,234000,
999387617,XAUUSD,SELL,0.49,4853.87,4859.87,2026-03-18 17:34:15,2026-03-18 17:34:53,0.6,-255.58,0.0,0.0,-255.58,CLOSED,234000,
999387654,USDCHF,BUY,16.01,0.78861,0.78845,2026-03-18 17:34:15,2026-03-18 17:34:19,0.1,-282.43,0.0,0.0,-282.43,CLOSED,234000,
999387798,USDCHF,BUY,16.01,0.78861,0.78843,2026-03-18 17:34:17,2026-03-18 17:34:19,0.0,-317.73,0.0,0.0,-317.73,CLOSED,234000,
999403531,USDJPY,BUY,15.26,159.509,159.478,2026-03-18 17:35:45,2026-03-18 17:35:50,0.1,-257.75,0.0,0.0,-257.75,CLOSED,234000,
999420677,XAGUSD,BUY,0.02,76.745,76.96,2026-03-18 17:37:13,2026-03-18 17:44:24,7.2,18.69,0.0,0.0,18.69,CLOSED,234000,
999420685,XAGUSD,BUY,0.02,76.746,76.961,2026-03-18 17:37:13,2026-03-18 17:44:26,7.2,18.69,0.0,0.0,18.69,CLOSED,234000,
999600668,USDCNH,BUY,1.48,6.88825,6.8852,2026-03-18 17:53:19,2026-03-18 18:07:55,14.6,-56.92,0.0,0.0,-56.92,CLOSED,234000,
999619586,AUDUSD,SELL,0.76,0.70621,0.70749,2026-03-18 17:55:15,2026-03-18 18:07:55,12.7,-84.44,0.0,0.0,-84.44,CLOSED,234000,
999623253,USDJPY,BUY,0.95,159.505,159.446,2026-03-18 17:55:33,2026-03-18 18:07:55,12.4,-30.51,0.0,0.0,-30.51,CLOSED,234000,
999623281,USDJPY,BUY,0.95,159.504,159.446,2026-03-18 17:55:33,2026-03-18 18:07:55,12.4,-29.99,0.0,0.0,-29.99,CLOSED,234000,
999623567,USDSEK,BUY,0.53,9.34262,9.32666,2026-03-18 17:55:35,2026-03-18 18:07:56,12.3,-78.73,0.0,0.0,-78.73,CLOSED,234000,
999623578,USDSEK,BUY,0.53,9.34262,9.32666,2026-03-18 17:55:35,2026-03-18 18:07:56,12.3,-78.73,0.0,0.0,-78.73,CLOSED,234000,
999630248,USOUSD,BUY,0.04,98.478,97.966,2026-03-18 17:56:16,2026-03-18 18:07:56,11.7,-17.78,0.0,0.0,-17.78,CLOSED,234000,
999636586,XAGUSD,SELL,0.01,76.937,77.869,2026-03-18 17:57:05,2026-03-18 18:07:56,10.8,-40.46,0.0,0.0,-40.46,CLOSED,234000,
999651316,XAUUSD,SELL,0.04,4875.74,4890.15,2026-03-18 17:59:08,2026-03-18 18:07:56,8.8,-50.04,0.0,0.0,-50.04,CLOSED,234000,
999651346,XAUUSD,SELL,0.04,4875.79,4890.15,2026-03-18 17:59:09,2026-03-18 18:07:56,8.8,-49.87,0.0,0.0,-49.87,CLOSED,234000,
999674650,NG-C,BUY,0.2,3.123,3.105,2026-03-18 18:01:45,2026-03-18 18:07:56,6.2,-31.25,0.0,0.0,-31.25,CLOSED,234000,
999674687,NG-C,BUY,0.2,3.123,3.105,2026-03-18 18:01:46,2026-03-18 18:07:56,6.2,-31.25,0.0,0.0,-31.25,CLOSED,234000,
999741824,XAGUSD,SELL,0.01,77.787,76.446,2026-03-18 18:08:04,2026-03-18 18:45:38,37.6,58.22,0.0,0.0,58.22,CLOSED,234000,
999751003,XAUUSD,SELL,0.04,4892.01,4865.73,2026-03-18 18:09:15,2026-03-18 18:45:38,36.4,91.27,0.0,0.0,91.27,CLOSED,234000,
999755976,USDSEK,BUY,0.53,9.33613,9.34279,2026-03-18 18:09:57,2026-03-18 18:39:13,29.3,32.81,0.0,0.0,32.81,CLOSED,234000,
999801224,AUDUSD,SELL,0.76,0.70683,0.70721,2026-03-18 18:15:23,2026-03-18 18:45:38,30.2,-25.08,0.0,0.0,-25.08,CLOSED,234000,
999808340,NG-C,BUY,0.2,3.138,3.148,2026-03-18 18:16:24,2026-03-18 18:45:38,29.2,17.37,0.0,0.0,17.37,CLOSED,234000,
999932660,USDCNH,BUY,16.4,6.88978,6.88853,2026-03-18 18:31:51,2026-03-18 18:43:01,11.2,-258.54,0.0,0.0,-258.54,CLOSED,234000,
1000021403,USDCNH,BUY,16.4,6.88947,6.88751,2026-03-18 18:44:37,2026-03-18 18:45:38,1.0,-405.26,0.0,0.0,-405.26,CLOSED,234000,
1000110562,USDJPY,BUY,2.0,159.493,159.432,2026-03-18 18:57:10,2026-03-18 19:47:12,50.0,-66.41,0.0,0.0,-66.41,CLOSED,234000,
1000116614,AUDUSD,SELL,2.0,0.70724,0.70878,2026-03-18 18:57:50,2026-03-18 19:06:57,9.1,-267.18,0.0,0.0,-267.18,CLOSED,234000,
1000128115,XAUUSD,SELL,0.41,4871.89,4871.53,2026-03-18 18:59:22,2026-03-18 19:00:24,1.0,12.81,0.0,0.0,12.81,CLOSED,234000,
1000181163,XAUUSD,SELL,0.41,4869.13,4870.24,2026-03-18 19:04:32,2026-03-18 19:05:04,0.5,-39.5,0.0,0.0,-39.5,CLOSED,234000,
1000212727,AUDUSD,SELL,2.0,0.70864,0.70832,2026-03-18 19:08:20,2026-03-18 19:34:01,25.7,55.53,0.0,0.0,55.53,CLOSED,234000,
1000253841,XAUUSD,SELL,0.41,4874.67,4871.21,2026-03-18 19:14:34,2026-03-18 19:24:26,9.9,123.13,0.0,0.0,123.13,CLOSED,234000,
1000391603,AUDUSD,SELL,2.0,0.70828,0.70825,2026-03-18 19:38:13,2026-03-18 19:43:19,5.1,5.21,0.0,0.0,5.21,CLOSED,234000,
1000423716,AUDUSD,SELL,2.0,0.70817,0.70808,2026-03-18 19:43:53,2026-03-18 19:47:12,3.3,15.62,0.0,0.0,15.62,CLOSED,234000,
1000468569,NG-C,BUY,0.5,3.129,3.1189999999999998,2026-03-18 19:51:43,2026-03-18 19:55:35,3.9,-43.43,0.0,0.0,-43.43,CLOSED,234000,
1000519282,NG-C,BUY,0.5,3.122,3.1189999999999998,2026-03-18 20:03:12,2026-03-18 20:18:16,15.1,-13.03,0.0,0.0,-13.03,CLOSED,234000,
1000578198,XAGUSD,SELL,0.01,76.856,77.324,2026-03-18 20:13:12,2026-03-18 20:28:16,15.1,-20.32,0.0,0.0,-20.32,CLOSED,234000,
1000647413,NG-C,BUY,0.5,3.124,3.121,2026-03-18 20:26:34,2026-03-18 20:41:37,15.1,-13.03,0.0,0.0,-13.03,CLOSED,234000,
1001209448,USOUSD,BUY,0.13,95.433,95.49,2026-03-18 22:07:53,2026-03-18 22:09:44,1.9,6.43,0.0,0.0,6.43,CLOSED,234000,
1001209983,XAGUSD,SELL,0.01,76.791,76.982,2026-03-18 22:07:57,2026-03-18 22:23:03,15.1,-8.3,0.0,0.0,-8.3,CLOSED,234000,
1002247483,XAUUSD,SELL,0.38,4823.42,,2026-03-19 00:51:44,,,0.0,0.0,0.0,,OPEN,234000,
1002247926,XAUJPY,SELL,0.21,771426.0,,2026-03-19 00:51:57,,,0.0,0.0,0.0,,OPEN,234000,
1002248747,GBPUSD,SELL,2.0,1.32557,,2026-03-19 00:52:14,,,0.0,0.0,0.0,,OPEN,234000,
1002248887,AUDUSD,SELL,2.0,0.70209,,2026-03-19 00:52:17,,,0.0,0.0,0.0,,OPEN,234000,
1002248957,USDCAD,SELL,2.0,1.3731499999999999,,2026-03-19 00:52:19,,,0.0,0.0,0.0,,OPEN,234000,
1002249061,USDCHF,SELL,2.0,0.79315,,2026-03-19 00:52:22,,,0.0,0.0,0.0,,OPEN,234000,
1002249132,USDSEK,SELL,0.39,9.41966,,2026-03-19 00:52:24,,,0.0,0.0,0.0,,OPEN,234000,
1002249570,EURUSD,SELL,2.0,1.14539,,2026-03-19 00:52:35,,,0.0,0.0,0.0,,OPEN,234000,
